7187	jpop	稲垣潤一	https://t.pia.jp/pia/event/event.do?eventCd=2635168
7188	jpop	稲垣潤一	https://t.pia.jp/pia/event/event.do?eventCd=2635180
7189	jpop	稲垣潤一	https://t.pia.jp/pia/event/event.do?eventCd=2635361
7190	jpop	稲垣潤一	https://t.pia.jp/pia/event/event.do?eventCd=2635357
7191	jpop	ウルトラ寿司ふぁいやー	https://t.pia.jp/pia/event/event.do?eventCd=2635822
7192	jazz	小沼ようすけ×中川英二郎 with Special Guests:小野リサ、沖仁、林正樹	https://t.pia.jp/pia/event/event.do?eventCd=2635848
7194	fes	ガラフェス ～渋谷 文化的衝撃センセーション 秋の新作発表会～	https://t.pia.jp/pia/event/event.do?eventCd=2635152
7195	jpop	「GirlPoP 90’s VOL1」	https://t.pia.jp/pia/event/event.do?eventCd=2633158
7196	jpop	木村拓哉	https://t.pia.jp/pia/event/event.do?eventBundleCd=b2670248
7197	jpop	THOU（SA）NDS 2026	https://t.pia.jp/pia/event/event.do?eventCd=2635613
7198	enka	THEカルテットの昭和歌謡コンサート（青葉11月公演）	https://t.pia.jp/pia/event/event.do?eventCd=2629240
7199	jpop	T.C.R.横浜銀蝿R.S.	https://t.pia.jp/pia/event/event.do?eventCd=2633225
7200	jpop	椎名佐千子	https://t.pia.jp/pia/event/event.do?eventCd=2634239
7201	jpop	白井貴子 & THE CRAZY BOYS	https://t.pia.jp/pia/event/event.do?eventCd=2634557
7202	jazz	Gentle Forest Jazz Band	https://t.pia.jp/pia/event/event.do?eventCd=2630646
7206	jpop	Chage<振替公演>	https://t.pia.jp/pia/event/event.do?eventCd=2634937
7208	musicetc	TOWA TEI	https://t.pia.jp/pia/event/event.do?eventCd=2636162
7211	musicetc	No Centre 1 Moving Picture（946-3） Reichi／Richter	https://t.pia.jp/pia/event/event.do?eventCd=2632681
7214	jpop	氷川きよし クリスマスディナー&コンサート2026 in 大阪	https://t.pia.jp/pia/event/event.do?eventCd=2635642
7215	musicetc	平原誠之音楽会「未来を拓く～つなぐ～」	https://t.pia.jp/pia/event/event.do?eventCd=2634788
7216	jpop	平松愛理	https://t.pia.jp/pia/event/event.do?eventCd=2635344
7217	jpop	平松愛理	https://t.pia.jp/pia/event/event.do?eventCd=2634908
7219	jpop	fav me	https://t.pia.jp/pia/event/event.do?eventBundleCd=b2669195
7220	enka	舟木一夫	https://t.pia.jp/pia/event/event.do?eventCd=2635275
7221	enka	古瀬ゆうきと磯谷大樹の昭和歌謡コンサート（相模11月公演）	https://t.pia.jp/pia/event/event.do?eventCd=2633538
7222	jpop	ブレッド&バター	https://t.pia.jp/pia/event/event.do?eventCd=2634551
7223	jpop	ベリーグッドマン	https://t.pia.jp/pia/event/event.do?eventCd=2634530
7224	jpop	Base Ball Bear	https://t.pia.jp/pia/event/event.do?eventCd=2634135
7226	jpop	HOME	https://t.pia.jp/pia/event/event.do?eventCd=2635697
7227	jazz	松井秀太郎 CONCERT HALL LIVE 2027	https://t.pia.jp/pia/event/event.do?eventCd=2635856
7228	enka	三山ひろし	https://t.pia.jp/pia/event/event.do?eventCd=2631203
7230	jpop	森雪之丞 50th Anniversary Musical Concert「物語を歌う言葉たち」	https://t.pia.jp/pia/event/event.do?eventCd=2635329
7231	jpop	山内総一郎	https://t.pia.jp/pia/event/event.do?eventCd=2619599
7232	jazz	ゆあさみちる～ジャズみ～（大分）	https://t.pia.jp/pia/event/event.do?eventCd=2635866
7233	jazz	ゆあさみちる～ジャズみ～（福岡）	https://t.pia.jp/pia/event/event.do?eventCd=2635868
7234	jpop	ゆあさみちるの夜の音楽室～出張編・秋～（仙台）	https://t.pia.jp/pia/event/event.do?eventCd=2635852
7235	jpop	ゆあさみちるの夜の音楽室～出張編・秋～（熊本）	https://t.pia.jp/pia/event/event.do?eventCd=2635859
7236	owarai	桂竹千代落語会 魚津公演	https://t.pia.jp/pia/event/event.do?eventCd=2634357
7237	owarai	桂竹千代落語会 黒部公演	https://t.pia.jp/pia/event/event.do?eventCd=2634344
7238	engeki	加藤健一事務所	https://t.pia.jp/pia/event/event.do?eventCd=2632967
7239	owarai	寛平GMプロデュース公演 新喜劇出前ツアー2026 京都市公演	https://t.pia.jp/pia/event/event.do?eventCd=2634042
7240	owarai	京都特選落語会～林家菊丸落語会～	https://t.pia.jp/pia/event/event.do?eventCd=2635501
7241	engeki	ギンギラ太陽’s 「チョコレーツ・オブ・チロリアン」	https://t.pia.jp/pia/event/event.do?eventCd=2631272
7242	engeki	高校生と創る演劇『わたしの星』	https://t.pia.jp/pia/event/event.do?eventCd=2635772
7243	owarai	三遊亭兼好 新春の平日昼の独演会 二ツ目ゲストあり（1席）	https://t.pia.jp/pia/event/event.do?eventCd=2635975
7244	owarai	三遊亭兼好独演会～よこはま落語会～	https://t.pia.jp/pia/event/event.do?eventCd=2635546
7245	owarai	笑福亭呂鶴独演会	https://t.pia.jp/pia/event/event.do?eventCd=2631240
7246	musical	昭和歌謡劇「歌の銀座パラダイス♪」	https://t.pia.jp/pia/event/event.do?eventBundleCd=b2670854
7247	owarai	～実録ドキュメンタリー漫談～ コラアゲンはいごうまん ライブ2027	https://t.pia.jp/pia/event/event.do?eventCd=2634243
7250	engeki	タカハ劇団『プール』	https://t.pia.jp/pia/event/event.do?eventCd=2634466
7251	owarai	第1回「琴星噺」の会 琴星・琴鶴親子会 『ミケランジェロ』他	https://t.pia.jp/pia/event/event.do?eventCd=2635902
7252	dento	第三回全力扇白 入船亭扇白落語会	https://t.pia.jp/pia/event/event.do?eventCd=2635965
7253	owarai	第11回 神田松麻呂独演会	https://t.pia.jp/pia/event/event.do?eventCd=2635818
7255	dento	第四十九回なら芝能	https://t.pia.jp/pia/event/event.do?eventCd=2625670
7257	dento	とくい能「巻絹 神楽留」	https://t.pia.jp/pia/event/event.do?eventCd=2635963
7258	owarai	日本列島大捜査網 THE柳沢慎吾劇場 ★ ROCK45TOUR	https://t.pia.jp/pia/event/event.do?eventBundleCd=b2668505
7265	owarai	ヤーレンズ×ジグザグジギーツーマンライブ其の十一 コントの虎 漫才の狼	https://t.pia.jp/pia/event/event.do?eventCd=2635808
7266	sports	FCティアモ枚方対VONDS市原FC JFLリーグ戦	https://t.pia.jp/pia/event/event.do?eventCd=2635435
7267	sports	MCSCラリーハイランドマスターズ2026	https://t.pia.jp/pia/event/event.do?eventCd=2634878
7269	sports	川口オートレース（10／4～10／7）第5特別観覧席	https://t.pia.jp/pia/event/event.do?eventCd=2634498
7270	sports	川口オートレース（10／13～10／15）第5特別観覧席	https://t.pia.jp/pia/event/event.do?eventCd=2634501
7271	sports	川口オートレース（10／4～10／7）ホールショット	https://t.pia.jp/pia/event/event.do?eventCd=2634493
7272	sports	川口オートレース（10／13～10／15）ホールショット	https://t.pia.jp/pia/event/event.do?eventCd=2634497
7273	sports	第16回 ゴッデス・オブ・スターダム ～タッグリーグ開幕戦～	https://t.pia.jp/pia/event/event.do?eventCd=2636003
7274	sports	第16回 ゴッデス・オブ・スターダム ～タッグリーグ戦～ in AKITA	https://t.pia.jp/pia/event/event.do?eventCd=2635589
7275	sports	第16回 ゴッデス・オブ・スターダム ～タッグリーグ戦～ in KOCHI	https://t.pia.jp/pia/event/event.do?eventCd=2635585
7276	sports	第16回 ゴッデス・オブ・スターダム ～タッグリーグ戦～ in TAKASAKI	https://t.pia.jp/pia/event/event.do?eventCd=2635028
7277	sports	第16回 ゴッデス・オブ・スターダム ～タッグリーグ戦～ in MATSUYAMA-EHIME	https://t.pia.jp/pia/event/event.do?eventCd=2635027
7278	sports	新日本キックボクシング	https://t.pia.jp/pia/event/event.do?eventCd=2635895
7281	sports	千葉ロッテマリーンズ対福岡ソフトバンクホークス 公式戦〈ワイドシート〉	https://t.pia.jp/pia/event/event.do?eventCd=2633804
7287	sports	横浜DeNAベイスターズ主催 ファーム・リーグ公式戦	https://t.pia.jp/pia/event/event.do?eventBundleCd=b2669514
7288	aisatsu	『映画名探偵プリキュア!不思議な庭と2人の秘密』公開記念舞台挨拶	https://t.pia.jp/pia/event/event.do?eventCd=2635570
7289	aisatsu	『縁の手紙』舞台挨拶	https://t.pia.jp/pia/event/event.do?eventBundleCd=b2670808
7290	aisatsu	『ナギダイアリー』 大阪先行上映会	https://t.pia.jp/pia/event/event.do?eventCd=2635397
7291	fes	時代祭	https://t.pia.jp/pia/event/event.do?eventCd=2626323
7292	hanabi	全国花火師競技大会「第5回にし阿波の花火」<駐車場チケット>	https://t.pia.jp/pia/event/event.do?eventCd=2636108
7295	musicetc	NAKED meets 二条城 2026	https://t.pia.jp/pia/event/event.do?eventCd=2634199
7296	art	パンどろぼうひろば さっぽろ	https://t.pia.jp/pia/event/event.do?eventBundleCd=b2670818
7297	art	不滅の力 永井豪 -永井豪記念館リバイバル-	https://t.pia.jp/pia/event/event.do?eventCd=2628050
7298	musicetc	米村でんじろう先生のドキドキわくわくサイエンスショー2027	https://t.pia.jp/pia/event/event.do?eventCd=2634329
7300	classic	映像の世紀コンサート	https://t.pia.jp/pia/event/event.do?eventCd=2632750
7301	classic	九州管楽合奏団コンサートwith福岡工業大学吹奏楽団	https://t.pia.jp/pia/event/event.do?eventCd=2631815
7302	classic	煌めきの午後 バロックダンスとともに	https://t.pia.jp/pia/event/event.do?eventCd=2635876
7306	classic	「佐渡×シエナ」ブラスの祭典2026	https://t.pia.jp/pia/event/event.do?eventCd=2633667
7307	classic	須川展也プロデュース・くららSpecialコンサート	https://t.pia.jp/pia/event/event.do?eventCd=2629284
7308	classic	スピリット・オブ・ジョージア	https://t.pia.jp/pia/event/event.do?eventCd=2627150
7309	classic	第20回声楽アンサンブルコンテスト全国大会〈1日券〉	https://t.pia.jp/pia/event/event.do?eventCd=2631331
7310	classic	第20回声楽アンサンブルコンテスト全国大会〈4日通し券〉	https://t.pia.jp/pia/event/event.do?eventCd=2631333
7311	classic	0歳～音楽と映像のファミリークラシックハロウィンコンサート	https://t.pia.jp/pia/event/event.do?eventCd=2635973
7312	classic	反田恭平&ザルツブルク・モーツァルテウム管弦楽団 日本ツアー2027 福岡公演	https://t.pia.jp/pia/event/event.do?eventCd=2626599
7316	classic	東京フィルハーモニー交響楽団 ニューイヤーコンサート2027	https://t.pia.jp/pia/event/event.do?eventCd=2627506
7318	classic	西本裕矢×Kuchen Quartet	https://t.pia.jp/pia/event/event.do?eventCd=2629226
7319	classic	日本テレマン協会 鷲見敏リサイタル バッハ「無伴奏チェロ組曲」	https://t.pia.jp/pia/event/event.do?eventCd=2635599
7320	classic	日本テレマン協会定期演奏会 高田泰治 ゴルトベルク変奏曲	https://t.pia.jp/pia/event/event.do?eventCd=2635843
7321	classic	日本テレマン協会マンスリーコンサート 高田泰治ゴルトベルク変奏曲	https://t.pia.jp/pia/event/event.do?eventCd=2635582
7324	classic	ヨーヨー・マ サントリーホール40周年スペシャルコンサート	https://t.pia.jp/pia/event/event.do?eventBundleCd=b2669025
7325	classic	レオナルド・ブラーボ ギターソロリサイタル	https://t.pia.jp/pia/event/event.do?eventCd=2635792
7326	jpop	35.7	https://t.pia.jp/pia/event/event.do?eventBundleCd=b2670650
7328	jpop	なとり	https://t.pia.jp/pia/event/event.do?eventCd=2635251
7329	jpop	YOASOBI	https://t.pia.jp/pia/event/event.do?eventBundleCd=b2670846
7332	engeki	ACTORS☆LEAGUE in Futsal 2026	https://t.pia.jp/pia/event/event.do?eventCd=2631174
7333	owarai	桂宮治 全国ツアー2026 ～Remember Miyaji～	https://t.pia.jp/pia/event/event.do?eventCd=2634287
7334	classic	コンドルズ福岡スペシャル公演2026 『ノーウーマン・ノークライ』	https://t.pia.jp/pia/event/event.do?eventCd=2633811
7335	musical	ミュージカル『南くんの恋人』	https://t.pia.jp/pia/event/event.do?eventCd=2631314
7336	hanabi	万博花火プロジェクト『第5回 万博夜空がアートになる日2026』	https://t.pia.jp/pia/event/event.do?eventBundleCd=b2669691
7225	jpop	細坪基佳	https://t.pia.jp/pia/event/event.do?eventCd=2633185
7317	classic	東京ヴィヴァルディ合奏団	https://t.pia.jp/pia/event/event.do?eventCd=2634699
7338	jpop	杏里	https://t.pia.jp/pia/event/event.do?eventCd=2615518
7340	jpop	eastern youth	https://t.pia.jp/pia/event/event.do?eventBundleCd=b2669056
7342	jpop	EverBrighteller	https://t.pia.jp/pia/event/event.do?eventBundleCd=b2670918
7344	yougaku	n.SSign	https://t.pia.jp/pia/event/event.do?eventCd=2634015
7345	jpop	AK-69	https://t.pia.jp/pia/event/event.do?eventBundleCd=b2669950
7351	jpop	Organic Call	https://t.pia.jp/pia/event/event.do?eventBundleCd=b2665597
7352	jpop	金子智也	https://t.pia.jp/pia/event/event.do?eventCd=2620817
7355	chanson	クミコ	https://t.pia.jp/pia/event/event.do?eventCd=2614340
7357	jpop	KOTORI pre.“12” Tour	https://t.pia.jp/pia/event/event.do?eventBundleCd=b2666678
7358	jpop	KOHAKU	https://t.pia.jp/pia/event/event.do?eventBundleCd=b2669841
7359	yougaku	金剛山歌劇団公演2026「メアリ-希望のこだま-」	https://t.pia.jp/pia/event/event.do?eventCd=2632227
7363	jpop	時速36km	https://t.pia.jp/pia/event/event.do?eventBundleCd=b2669203
7365	jpop	sumika	https://t.pia.jp/pia/event/event.do?eventCd=2625747
7367	jpop	SORAON Autumn’26 秋空の音楽祭	https://t.pia.jp/pia/event/event.do?eventCd=2635130
7369	jpop	tacica	https://t.pia.jp/pia/event/event.do?eventCd=2614209
7370	jpop	つきみ	https://t.pia.jp/pia/event/event.do?eventBundleCd=b2667142
7375	jpop	中田裕二	https://t.pia.jp/pia/event/event.do?eventBundleCd=b2668948
7379	jpop	半崎美子	https://t.pia.jp/pia/event/event.do?eventBundleCd=b2670807
7382	jpop	PassCode<VIP UPGRADE PACKAGE>	https://t.pia.jp/pia/event/event.do?eventCd=2624377
7384	jpop	フォレスタコンサート	https://t.pia.jp/pia/event/event.do?eventBundleCd=b2668986
7386	enka	福田こうへい	https://t.pia.jp/pia/event/event.do?eventCd=2621635
7388	jpop	ふみ あなたの街でピアノ弾きます in 池田町	https://t.pia.jp/pia/event/event.do?eventCd=2627310
7390	jpop	THE FRANK VOX	https://t.pia.jp/pia/event/event.do?eventBundleCd=b2665966
7393	jpop	北海道歌旅座ザ・コンサート2026小樽公演	https://t.pia.jp/pia/event/event.do?eventCd=2630652
7396	jpop	MIHO FUKUHARA Acoustic Soul 2026	https://t.pia.jp/pia/event/event.do?eventCd=2623954
7397	musicetc	ミュージッククルーズvol.4 ないえ町音楽収穫祭	https://t.pia.jp/pia/event/event.do?eventCd=2632183
7400	jpop	横山裕	https://t.pia.jp/pia/event/event.do?eventBundleCd=b2669968
7401	yougaku	ラ・スペランザ	https://t.pia.jp/pia/event/event.do?eventBundleCd=b2669269
7402	jpop	reGretGirl	https://t.pia.jp/pia/event/event.do?eventBundleCd=b2667696
7403	jazz	レジェンダリー・カウント・ベイシー・オーケストラ	https://t.pia.jp/pia/event/event.do?eventCd=2626311
7407	musicetc	沖縄三線と澄んだ歌声で聴く沖縄音楽コンサート&エイサー文化庁公演	https://t.pia.jp/pia/event/event.do?eventCd=2619358
7408	jpop	竹原ピストル	https://t.pia.jp/pia/event/event.do?eventCd=2609373
7409	jpop	TOTALFAT	https://t.pia.jp/pia/event/event.do?eventBundleCd=b2669706
7410	jpop	2026昭和101年音街巡旅	https://t.pia.jp/pia/event/event.do?eventCd=2612447
7411	enka	福田こうへい	https://t.pia.jp/pia/event/event.do?eventCd=2613543
7412	enka	前川清／松村和子	https://t.pia.jp/pia/event/event.do?eventCd=2600503
7414	jpop	いしがきMUSIC FESTIVAL 2026	https://t.pia.jp/pia/event/event.do?eventCd=2627829
7415	enka	演歌熱唱!夢の競演	https://t.pia.jp/pia/event/event.do?eventCd=2616488
7416	jpop	片桐（Hakubi）	https://t.pia.jp/pia/event/event.do?eventCd=2628275
7419	jpop	斉藤和義	https://t.pia.jp/pia/event/event.do?eventCd=2621700
7422	enka	福田こうへい	https://t.pia.jp/pia/event/event.do?eventCd=2622187
7424	jpop	I Don’t Like Mondays.	https://t.pia.jp/pia/event/event.do?eventCd=2623411
7426	jpop	ANRI	https://t.pia.jp/pia/event/event.do?eventCd=2614749
7431	jpop	kurage	https://t.pia.jp/pia/event/event.do?eventBundleCd=b2669787
7339	enka	市川由紀乃	https://t.pia.jp/pia/event/event.do?eventCd=2620838
7353	jpop	かりゆし58	https://t.pia.jp/pia/event/event.do?eventCd=2616909
7371	jpop	TRIPLANE	https://t.pia.jp/pia/event/event.do?eventCd=2609363
7372	jpop	堂島孝平	https://t.pia.jp/pia/event/event.do?eventCd=2629795
7392	jpop	プッシュプルポット	https://t.pia.jp/pia/event/event.do?eventCd=2631478
7394	jpop	摩天楼オペラ	https://t.pia.jp/pia/event/event.do?eventCd=2623366
7404	jpop	LET ME KNOW	https://t.pia.jp/pia/event/event.do?eventCd=2627692
7413	enka	石川さゆり	https://t.pia.jp/pia/event/event.do?eventCd=2602375
7432	jpop	和田唱（TRICERATOPS）	https://t.pia.jp/pia/event/event.do?eventCd=2633160
7433	sports	レイラック滋賀FC	https://t.pia.jp/pia/event/event.do?eventCd=2631704
7434	sports	レイラック滋賀FC	https://t.pia.jp/pia/event/event.do?eventCd=2630645
7435	enka	三山ひろし	https://t.pia.jp/pia/event/event.do?eventCd=2614994
7436	enka	三山ひろし	https://t.pia.jp/pia/event/event.do?eventCd=2614981
7437	enka	三山ひろし	https://t.pia.jp/pia/event/event.do?eventCd=2619611
7438	enka	三山ひろし	https://t.pia.jp/pia/event/event.do?eventCd=2627393
7439	enka	三山ひろし	https://t.pia.jp/pia/event/event.do?eventCd=2625979
7440	enka	三山ひろし	https://t.pia.jp/pia/event/event.do?eventCd=2624971
7441	enka	三山ひろし	https://t.pia.jp/pia/event/event.do?eventCd=2621477
7442	enka	三山ひろし	https://t.pia.jp/pia/event/event.do?eventCd=2620693
7443	enka	三山ひろし	https://t.pia.jp/pia/event/event.do?eventCd=2626840
7444	enka	三山ひろし	https://t.pia.jp/pia/event/event.do?eventBundleCd=b2669969
7445	enka	三山ひろし	https://t.pia.jp/pia/event/event.do?eventCd=2618478
7446	classic	中部フィルハーモニー交響楽団	https://t.pia.jp/pia/event/event.do?eventCd=2618744
7447	classic	中部フィルハーモニー交響楽団	https://t.pia.jp/pia/event/event.do?eventCd=2625211
7448	classic	中部フィルハーモニー交響楽団	https://t.pia.jp/pia/event/event.do?eventCd=2601030
7450	classic	中部フィルハーモニー交響楽団	https://t.pia.jp/pia/event/event.do?eventCd=2601034
7451	classic	前橋汀子	https://t.pia.jp/pia/event/event.do?eventCd=2619341
7452	sports	千葉ロッテマリーンズ	https://t.pia.jp/pia/event/event.do?eventCd=2626240
7453	sports	千葉ロッテマリーンズ	https://t.pia.jp/pia/event/event.do?eventBundleCd=b2670672
7454	sports	千葉ロッテマリーンズ	https://t.pia.jp/pia/event/event.do?eventBundleCd=b2670670
7455	sports	千葉ロッテマリーンズ	https://t.pia.jp/pia/event/event.do?eventCd=2624045
7456	sports	千葉ロッテマリーンズ	https://t.pia.jp/pia/event/event.do?eventCd=2624049
7457	sports	千葉ロッテマリーンズ	https://t.pia.jp/pia/event/event.do?eventCd=2624421
7458	sports	千葉ロッテマリーンズ	https://t.pia.jp/pia/event/event.do?eventCd=2624422
7459	sports	千葉ロッテマリーンズ	https://t.pia.jp/pia/event/event.do?eventCd=2625860
7460	owarai	天満天神繁昌亭	https://t.pia.jp/pia/event/event.do?eventCd=2625699
7461	owarai	天満天神繁昌亭	https://t.pia.jp/pia/event/event.do?eventCd=2625332
7462	owarai	天満天神繁昌亭	https://t.pia.jp/pia/event/event.do?eventCd=2629510
7463	owarai	天満天神繁昌亭	https://t.pia.jp/pia/event/event.do?eventCd=2624352
7464	owarai	天満天神繁昌亭	https://t.pia.jp/pia/event/event.do?eventCd=2631779
7465	classic	山形交響楽団	https://t.pia.jp/pia/event/event.do?eventCd=2622791
7466	sports	新日本プロレス	https://t.pia.jp/pia/event/event.do?eventCd=2630232
7467	sports	新日本プロレス	https://t.pia.jp/pia/event/event.do?eventCd=2628350
7468	sports	新日本プロレス	https://t.pia.jp/pia/event/event.do?eventCd=2630009
7469	sports	新日本プロレス	https://t.pia.jp/pia/event/event.do?eventCd=2629375
7470	sports	新日本プロレス	https://t.pia.jp/pia/event/event.do?eventCd=2630428
7471	sports	新日本プロレス	https://t.pia.jp/pia/event/event.do?eventCd=2630077
7472	sports	新日本プロレス	https://t.pia.jp/pia/event/event.do?eventCd=2627849
7473	sports	新日本プロレス	https://t.pia.jp/pia/event/event.do?eventCd=2629187
7474	sports	新日本プロレス	https://t.pia.jp/pia/event/event.do?eventCd=2630433
7475	sports	新日本プロレス	https://t.pia.jp/pia/event/event.do?eventCd=2636274
7476	classic	東京シティ・フィルハーモニック管弦楽団	https://t.pia.jp/pia/event/event.do?eventBundleCd=b2666818
7477	classic	東京シティ・フィルハーモニック管弦楽団	https://t.pia.jp/pia/event/event.do?eventBundleCd=b2666279
7478	classic	東京シティ・フィルハーモニック管弦楽団	https://t.pia.jp/pia/event/event.do?eventBundleCd=b2666820
7479	classic	東京シティ・フィルハーモニック管弦楽団	https://t.pia.jp/pia/event/event.do?eventCd=2619007
7480	classic	東京シティ・フィルハーモニック管弦楽団	https://t.pia.jp/pia/event/event.do?eventCd=2619015
7481	classic	東京シティ・フィルハーモニック管弦楽団	https://t.pia.jp/pia/event/event.do?eventCd=2619019
7482	jpop	松原健之	https://t.pia.jp/pia/event/event.do?eventCd=2618208
7483	jpop	松原健之	https://t.pia.jp/pia/event/event.do?eventCd=2614752
7484	jpop	松原健之	https://t.pia.jp/pia/event/event.do?eventCd=2616618
7485	owarai	桂吉弥	https://t.pia.jp/pia/event/event.do?eventCd=2634585
7486	owarai	桂吉弥	https://t.pia.jp/pia/event/event.do?eventCd=2628762
7487	classic	牧阿佐美バレヱ団	https://t.pia.jp/pia/event/event.do?eventBundleCd=b2670293
7488	owarai	立川談笑	https://t.pia.jp/pia/event/event.do?eventCd=2627357
7489	owarai	立川談笑	https://t.pia.jp/pia/event/event.do?eventCd=2616030
7490	classic	角野未来	https://t.pia.jp/pia/event/event.do?eventCd=2617779
7491	jpop	THE MATSURI SESSION	https://t.pia.jp/pia/event/event.do?eventCd=2631679
