855	event	1	0	https://t.pia.jp/pia/event/event.do?eventCd=2623599	阿部静華／やーこ／一原ちひろ／宮田大樹／縁来人
856	bundle	1	0	https://t.pia.jp/pia/event/event.do?eventBundleCd=b2664845	Arche ワンマンツアー「THE PATH OF THE BLACK SHEEP」
857	event	2	0	https://t.pia.jp/pia/event/event.do?eventCd=2622816	２７ｔｈ ＩＳＬＡ ＤＥ ＳＡＬＳＡ ２０２６－Ｗｏｒｌｄ Ｂｅａｔ 祭り－
858	event	1	0	https://t.pia.jp/pia/event/event.do?eventCd=2623597	一木万里奈／まりたす／Ｋａ－ｍｕｅ／梶有紀子／虹音
859	event	1	0	https://t.pia.jp/pia/event/event.do?eventCd=2620927	ＷＯＬＦ ＨＯＷＬ ＨＡＲＭＯＮＹ
860	event	1	0	https://t.pia.jp/pia/event/event.do?eventCd=2623751	ＥＸＩＬＥ ＡＫＩＲＡ ２０ＴＨ ＡＮＮＩＶＥＲＳＡＲＹ ＳＰＥＣＩＡＬ ＬＩＶＥ ＴＯＵＲ 「ＵＲＢＡＮ ＳＡＶＡＧＥ」
862	event	1	0	https://t.pia.jp/pia/event/event.do?eventCd=2623595	Ｅｎｆｉｎｉ／Ｍｉｋｅｙ／宮田大樹／梶有紀子／京都マリシー／菊田雪心
863	event	2	0	https://t.pia.jp/pia/event/event.do?eventCd=2622898	沖仁（ｇ）／Ｕ－ｚｈａａｎ（タブラ）／石塚隆充
864	event	1	0	https://t.pia.jp/pia/event/event.do?eventCd=2621097	おとみっくによる参加型ファミリーコンサート「モーツァルトさん、こんにちは！」
865	event	1	0	https://t.pia.jp/pia/event/event.do?eventCd=2624101	音影幻想劇 呪いのヴァイオリン
866	event	1	0	https://t.pia.jp/pia/event/event.do?eventCd=2615943	可憐なアイボリー
867	event	2	0	https://t.pia.jp/pia/event/event.do?eventCd=2619856	かわさきジャズ2026 The TMO Project featuring Sadao Watanabe
870	event	1	0	https://t.pia.jp/pia/event/event.do?eventCd=2621895	CREATURE CREATURE
871	bundle	2	0	https://t.pia.jp/pia/event/event.do?eventBundleCd=b2668436	Kenny Paraves
872	bundle	1	0	https://t.pia.jp/pia/event/event.do?eventBundleCd=b2668502	KOIAI
874	event	4	4	https://t.pia.jp/pia/event/event.do?eventCd=2620913	コブクロ KOBUKURO LIVE TOUR 2026
875	event	1	0	https://t.pia.jp/pia/event/event.do?eventCd=2621916	Godiego
876	event	1	0	https://t.pia.jp/pia/event/event.do?eventCd=2614432	KAZUYOSHI SAITO LIVE TOUR 2026
877	event	1	0	https://t.pia.jp/pia/event/event.do?eventCd=2618283	SOUND CREATOR 50th Anniversary Live 栞-SHIORI-
878	event	1	0	https://t.pia.jp/pia/event/event.do?eventCd=2622780	さかしたひかる
879	event	1	0	https://t.pia.jp/pia/event/event.do?eventCd=2623881	櫻井哲夫 ソロライブ Nothin' but the Bass
880	event	1	0	https://t.pia.jp/pia/event/event.do?eventCd=2623594	桜空／湯丹望湖／虹音／世優子
881	event	1	0	https://t.pia.jp/pia/event/event.do?eventCd=2543254	財津和夫コンサート2026 with 姫野達也「そして」
882	event	1	0	https://t.pia.jp/pia/event/event.do?eventCd=2621566	THEカルテットとオレンジマンの昭和歌謡コンサート
883	bundle	2	0	https://t.pia.jp/pia/event/event.do?eventBundleCd=b2668941	The Right Light
884	event	2	0	https://t.pia.jp/pia/event/event.do?eventCd=2617447	塩谷哲（p）／沖仁（g）
885	event	1	0	https://t.pia.jp/pia/event/event.do?eventCd=2616811	志多ら 瑞浪公演「音還～おんがえし～」
886	event	1	0	https://t.pia.jp/pia/event/event.do?eventCd=2621159	J-TRAD Ensemble MAHOROBA
887	bundle	1	0	https://t.pia.jp/pia/event/event.do?eventBundleCd=b2449029	ENPLEX × Hello! Project 名古屋定期イベント モーニング娘。'26 山崎愛生バースデーイベント
888	event	2	0	https://t.pia.jp/pia/event/event.do?eventCd=2619591	Septeto Santiaguero Vivela! Salsa Tour 2026 in Osaka
889	event	2	0	https://t.pia.jp/pia/event/event.do?eventCd=2619589	Septeto Santiaguero Vivela! Salsa Tour 2026 in TOKYO
890	event	2	0	https://t.pia.jp/pia/event/event.do?eventCd=2619590	Septeto Santiaguero Vivela! Salsa Tour 2026 in Nagoya
891	event	1	0	https://t.pia.jp/pia/event/event.do?eventCd=2621633	SO×DY
892	event	1	0	https://t.pia.jp/pia/event/event.do?eventCd=2616182	高田漣 presents アコースティックギターセッション at 銀座 Vol.2
893	event	1	0	https://t.pia.jp/pia/event/event.do?eventCd=2617093	宝くじおしゃべり音楽館～想い出のスクリーンミュージック～
894	event	1	0	https://t.pia.jp/pia/event/event.do?eventCd=2623593	TAKUYA_SUN_MUSIC／オルミュ／一木万里奈／まりたす
896	event	1	0	https://t.pia.jp/pia/event/event.do?eventCd=2619518	第3回琉球の風 沖縄祭りin高崎
897	event	1	0	https://t.pia.jp/pia/event/event.do?eventCd=2624063	DANCE☆MAN&THE BANDMAN
898	event	1	0	https://t.pia.jp/pia/event/event.do?eventCd=2618569	地球の響き ～Earth Sounds～
899	bundle	2	0	https://t.pia.jp/pia/event/event.do?eventBundleCd=b2668289	ちゃんみな
900	event	1	0	https://t.pia.jp/pia/event/event.do?eventCd=2623117	DISCO Classics
901	event	1	0	https://t.pia.jp/pia/event/event.do?eventCd=2622842	DJ OSSHY presents シルバーディスコ
902	event	2	0	https://t.pia.jp/pia/event/event.do?eventCd=2608867	2YOU MAGAZINE & RAD SEVEN presents 「GO 2 SEVEN」
903	event	1	0	https://t.pia.jp/pia/event/event.do?eventCd=2604970	TOKAI ROCK FES.2026 ライブ
904	event	1	0	https://t.pia.jp/pia/event/event.do?eventCd=2624006	TOKU 「TRIBUTES」 リリース記念凱旋コンサート
905	event	1	0	https://t.pia.jp/pia/event/event.do?eventCd=2622762	富澤一誠プロデュース「フォーエバーヤング～ミュージック＆トーク・ライブ～vol.12」
906	event	1	0	https://t.pia.jp/pia/event/event.do?eventCd=2610971	堂島孝平
907	event	2	0	https://t.pia.jp/pia/event/event.do?eventCd=2617791	なつかしい × あたらしい なにわブルースフェスティバル2026
908	event	1	0	https://t.pia.jp/pia/event/event.do?eventCd=2624334	ＮＥＯＬＡＮＤ ｃａｓｅ．６ 「ＭＡＤ ＦＩＧＨＴ」 ザ・クロマニヨンズ 対 ＺＡＺＥＮ ＢＯＹＳ
909	event	1	0	https://t.pia.jp/pia/event/event.do?eventCd=2622860	原信夫とシャープス＆フラッツ ７５ｔｈ Ａｎｎｉｖｅｒｓａｒｙ ～原信夫 生誕１００年記念～
910	event	1	0	https://t.pia.jp/pia/event/event.do?eventCd=2619226	Ｈｏｌｌｙｗｏｏｄ ｉｎ Ｊａｐａｎ ２０２６
911	bundle	2	1	https://t.pia.jp/pia/event/event.do?eventBundleCd=b2668345	BREAKERZ
912	event	1	0	https://t.pia.jp/pia/event/event.do?eventCd=2623781	plenty
913	event	2	0	https://t.pia.jp/pia/event/event.do?eventCd=2623867	plenty
914	event	1	0	https://t.pia.jp/pia/event/event.do?eventCd=2621141	ホワイトキューブジャズフェス
915	event	1	0	https://t.pia.jp/pia/event/event.do?eventCd=2610871	『前川清ファミリーコンサート』
916	event	2	0	https://t.pia.jp/pia/event/event.do?eventCd=2606486	真夏の沖縄音楽フェスティバル2026
917	event	1	0	https://t.pia.jp/pia/event/event.do?eventCd=2618566	みんおんバラエティーショー
918	event	1	0	https://t.pia.jp/pia/event/event.do?eventCd=2619221	ライブナタリー presents GANG PARADE SAY HELLO！2MAN ～EVERYBODY,PARADE！～
919	event	1	0	https://t.pia.jp/pia/event/event.do?eventCd=2618928	ライブナタリー presents "TOPPING PARTY"
920	event	1	0	https://t.pia.jp/pia/event/event.do?eventCd=2610836	luv
921	event	1	0	https://t.pia.jp/pia/event/event.do?eventCd=2615773	リトアニア 現代オペラパフォーマンス『HAVE A GOOD DAY！』
922	bundle	1	0	https://t.pia.jp/pia/event/event.do?eventBundleCd=b2667261	Rei 北海道公演
923	event	2	0	https://t.pia.jp/pia/event/event.do?eventCd=2619107	レーモンド松屋
924	event	1	0	https://t.pia.jp/pia/event/event.do?eventCd=2623382	若手人気スター歌謡ショー 2026・夏
925	bundle	1	0	https://t.pia.jp/pia/event/event.do?eventBundleCd=b2667614	忘れらんねえよ 武道館への決起ワンマンツアー「ウィーラブ言う」
926	event	1	0	https://t.pia.jp/pia/event/event.do?eventCd=2616873	渡辺貞夫カルテット2026
927	event	1	0	https://t.pia.jp/pia/event/event.do?eventCd=2619698	和洋楽器ユニット「蒼ノトキ」ライブ 2026
928	event	1	0	https://t.pia.jp/pia/event/event.do?eventCd=2622655	JAILHOUSE創業約48周年記念興行「LOUD MINORITY 2026」
929	event	1	0	https://t.pia.jp/pia/event/event.do?eventCd=2619853	BUGS MEETING2026 3MAN
930	event	1	0	https://t.pia.jp/pia/event/event.do?eventCd=2624223	BugLug主催Fes.「バグサミ2026名古屋」
931	event	1	0	https://t.pia.jp/pia/event/event.do?eventCd=2615693	Performing Arts Festival vol.1
932	event	1	0	https://t.pia.jp/pia/event/event.do?eventCd=2621873	ひろしまエレクトーンライブ Expression2
933	bundle	2	0	https://t.pia.jp/pia/event/event.do?eventBundleCd=b2669061	PIA×NORTH ROAD MUSIC presents「CULTURE!!!CULTURE!!!CULTURE!!!」enn 25th anniversary
934	bundle	1	0	https://t.pia.jp/pia/event/event.do?eventBundleCd=b2667009	FULL METAL JAPAN 2026 ～Powered by WACKEN～
935	bundle	4	3	https://t.pia.jp/pia/event/event.do?eventBundleCd=b2667602	FLAKE RECORDS 20th
936	event	1	0	https://t.pia.jp/pia/event/event.do?eventCd=2623647	BRADIO
