855	idol	阿部静華／やーこ／一原ちひろ／宮田大樹／縁来人
856	rock	Arche ワンマンツアー「THE PATH OF THE BLACK SH
857	fes	２７ｔｈ ＩＳＬＡ ＤＥ ＳＡＬＳＡ ２０２６－Ｗｏｒｌｄ Ｂｅａｔ 祭り－
858	idol	一木万里奈／まりたす／Ｋａ－ｍｕｅ／梶有紀子／虹音
859	jpop	ＷＯＬＦ ＨＯＷＬ ＨＡＲＭＯＮＹ
860	jpop	ＥＸＩＬＥ ＡＫＩＲＡ ２０ＴＨ ＡＮＮＩＶＥＲＳＡＲＹ ＳＰＥＣＩＡＬ Ｌ
861	jpop	SMA presents 「ミュージックペア」
862	idol	Ｅｎｆｉｎｉ／Ｍｉｋｅｙ／宮田大樹／梶有紀子／京都マリシー／菊田雪心
863	jazz	沖仁（ｇ）／Ｕ－ｚｈａａｎ（タブラ）／石塚隆充
864	classic	おとみっくによる参加型ファミリーコンサート「モーツァルトさん、こんにちは！」
865	classic	音影幻想劇 呪いのヴァイオリン
866	idol	可憐なアイボリー
867	jazz	かわさきジャズ2026 The TMO Project featuring 
868	kpop	KYUHYUN
869	idol	CUTIE STREET 真鍋凪咲 生誕祭 2026
870	rock	CREATURE CREATURE
871	rock	Kenny Paraves
872	rock	KOIAI
873	jpop	コブクロ（堺公演）
874	jpop	コブクロ（札幌公演）KOBUKURO LIVE TOUR 2026
875	rock	Godiego
876	rock	KAZUYOSHI SAITO LIVE TOUR 2026
877	jpop	SOUND CREATOR 50th Anniversary Live 栞-
878	jpop	さかしたひかる
879	jazz	櫻井哲夫 ソロライブ Nothin' but the Bass
880	idol	桜空／湯丹望湖／虹音／世優子
881	jpop	財津和夫コンサート2026 with 姫野達也「そして」
882	enka	THEカルテットとオレンジマンの昭和歌謡コンサート
883	rock	The Right Light
884	jazz	塩谷哲（p）／沖仁（g）
885	dento	志多ら 瑞浪公演「音還～おんがえし～」
886	dento	J-TRAD Ensemble MAHOROBA
887	idol	ENPLEX × Hello! Project 名古屋定期イベント モーニン
888	jazz	Septeto Santiaguero Vivela! Salsa Tour
889	jazz	Septeto Santiaguero Vivela! Salsa Tour
890	jazz	Septeto Santiaguero Vivela! Salsa Tour
891	rock	SO×DY
892	jpop	高田漣 presents アコースティックギターセッション at 銀座 Vo
893	jpop	宝くじおしゃべり音楽館～想い出のスクリーンミュージック～
894	jpop	TAKUYA_SUN_MUSIC／オルミュ／一木万里奈／まりたす
895	jpop	たっくん＆friends.
896	fes	第3回琉球の風 沖縄祭りin高崎
897	jpop	DANCE☆MAN&THE BANDMAN
898	dento	地球の響き ～Earth Sounds～
899	jpop	ちゃんみな
900	jpop	DISCO Classics
901	jpop	DJ OSSHY presents シルバーディスコ
902	rock	2YOU MAGAZINE & RAD SEVEN presents 「GO
903	rock	TOKAI ROCK FES.2026 ライブ
904	jazz	TOKU 「TRIBUTES」 リリース記念凱旋コンサート
905	enka	富澤一誠プロデュース「フォーエバーヤング～ミュージック＆トーク・ライブ～vo
906	jpop	堂島孝平
907	rock	なつかしい × あたらしい なにわブルースフェスティバル2026
908	rock	ＮＥＯＬＡＮＤ ｃａｓｅ．６ 「ＭＡＤ ＦＩＧＨＴ」 ザ・クロマニヨンズ 対
909	jazz	原信夫とシャープス＆フラッツ ７５ｔｈ Ａｎｎｉｖｅｒｓａｒｙ ～原信夫 生
910	classic	Ｈｏｌｌｙｗｏｏｄ ｉｎ Ｊａｐａｎ ２０２６
911	rock	BREAKERZ
912	rock	plenty
913	rock	plenty
914	jazz	ホワイトキューブジャズフェス
915	enka	『前川清ファミリーコンサート』
916	fes	真夏の沖縄音楽フェスティバル2026
917	jpop	みんおんバラエティーショー
918	idol	ライブナタリー presents GANG PARADE SAY HELLO
919	idol	ライブナタリー presents "TOPPING PARTY"
920	rock	luv
921	classic	リトアニア 現代オペラパフォーマンス『HAVE A GOOD DAY！』
922	jpop	Rei 北海道公演
923	enka	レーモンド松屋
924	enka	若手人気スター歌謡ショー 2026・夏
925	rock	忘れらんねえよ 武道館への決起ワンマンツアー「ウィーラブ言う」
926	jazz	渡辺貞夫カルテット2026
927	dento	和洋楽器ユニット「蒼ノトキ」ライブ 2026
928	rock	JAILHOUSE創業約48周年記念興行「LOUD MINORITY 202
929	rock	BUGS MEETING2026 3MAN
930	rock	BugLug主催Fes.「バグサミ2026名古屋」
931	jpop	Performing Arts Festival vol.1
932	jpop	ひろしまエレクトーンライブ Expression2
933	rock	PIA×NORTH ROAD MUSIC presents「CULTURE!
934	rock	FULL METAL JAPAN 2026 ～Powered by WACK
935	rock	FLAKE RECORDS 20th
936	rock	BRADIO