n	name	ids	genres	venues	dates	visible_counts
5	SHE’S	5504,5505,5506,5507,5508	jpop	全国ツアー（周南RISING HALL／広島クラブクアトロ／CRAZYMAMA KINGDOM／鹿児島CAPARVOホール／DRUM Be-7／神戸VARIT.／KYOTO MUSE／なんばHatch／DRUM LOGOS）|cube garden|全国ツアー（club change WAVE／仙台 darwin／山形ミュージック昭和Session）|ダイアモンドホール|GOLDEN PIGS RED STAGE	2026-12-06|2026-10-17|2026-11-28|2026-11-20|2026-11-29	8,1,3,1,1
5	かりゆし58	5135,5141,5142,5147,5152	jpop	SAWARAPIA 大ホール|新来島高知重工ホール グリーンホール|全国ツアー（新日本造機ホール／倉敷市芸文館ホール）|日立システムズホール仙台 シアターホール|金沢市文化ホール	2026-11-29|2026-12-11|2026-11-26|2026-11-23|2026-11-20	1,2,4,1,1
3	3markets[ ]	5778,5878,5910	jpop	TOONICE|KYOTO MUSE|全国ツアー（水戸ライトハウス／F.A.D YOKOHAMA）	2026-10-01|2026-10-15|2026-11-20	1,1,2
3	LORNA SHORE	5826,5857,5872	yougaku	豊洲PIT|なんばHatch|ダイアモンドホール	2026-10-08|2026-10-11|2026-10-13	2,1,1
3	SCANDAL	6284,6285,6286	jpop	LIQUIDROOM|全国ツアー（メガネのイタガキ文化ホール伊勢崎 大ホール／栃木県総合文化センター メインホール／東京エレクトロン韮崎文化ホール 大ホール）|全国ツアー（CLUB CITTA’／Zepp DiverCity（TOKYO））	2026-10-22|2027-03-27|2027-05-01	1,3,3
3	syrup16g	5526,5527,5528	jpop	全国ツアー（HEAVEN’S ROCK さいたま新都心 VJ-3／Zepp DiverCity（TOKYO））|ダイアモンドホール|仙台Rensa	2026-12-09|2026-11-10|2026-11-12	1,1,1
3	『ジャズ大名』	5436,5439,5568	engeki	刈谷市総合文化センター アイリス 大ホール|富山 オーバード・ホール 中ホール|KAAT 神奈川芸術劇場 ホール	2027-01-31|2027-01-24|2026-12-29	1,1,1
3	スターダスト☆レビュー	2047,2114,4496	jpop	全国ツアー（花巻市文化会館 大ホール／マルホンまきあーとテラス 大ホール）|全国ツアー|全国ツアー（下北文化会館 大ホール／弘前市民会館 大ホール／三沢市公会堂 大ホール）	2026-12-05|2026-10-18|2026-11-23	4,2,1
3	大阪フィルハーモニー交響楽団	1960,1961,4732	classic	全国ツアー（ザ・シンフォニーホール／フェスティバルホール）|ザ・シンフォニーホール|ザ・シンフォニーホール	2027-01-09|2026-11-12|2026-11-25	3,1,1
3	岡村靖幸	5360,5366,5367	jpop	LINE CUBE SHIBUYA|トークネットホール仙台 大ホール|全国ツアー（川口リリア・フカガワみらいホール／市川市文化会館 大ホール）	2027-02-04|2027-02-14|2027-02-28	1,1,2
3	私立恵比寿中学	4953,4954,4955	jpop	パシフィコ横浜 国立大ホール|東京ガーデンシアター|神戸国際会館こくさいホール	2026-10-11|2027-02-07|2026-11-08	0,1,1
3	金ガチャ	5581,5582,5583	sports	新木場1st RING|新木場1st RING|新木場1st RING	2026-10-30|2026-11-06|2026-11-27	1,1,1
3	阪神タイガース対読売ジャイアンツ 公式戦	3858,4932,5123	sports	阪神甲子園球場|阪神甲子園球場|阪神甲子園球場	2026-10-01|2026-10-01|2026-10-01	4,4,4
2	BOAT RACE 尼崎	5236,5237	sports	ボートレース尼崎|ボートレース尼崎	2026-11-01|2026-10-24	1,1
2	COUNTRY YARD	3984,4512	jpop	渋谷CLUB QUATTRO|渋谷CLUB QUATTRO	2026-11-02|2026-11-02	1,1
2	Guiano	5791,5908	jpop	全国ツアー（DRUM Be-1／梅田BananaHall／Spotify O-EAST）|梅田BananaHall	2026-10-30|2026-10-23	3,1
2	Hello Sleepwalkers	5022,5023	jpop	ell.SIZE|全国ツアー（Spotify O-nest／LIVE HOUSE OP’s／桜坂セントラル）	2026-09-22|2026-10-11	1,3
2	LAST ALLIANCE	3985,4523	jpop	KLUB COUNTER ACTION|全国ツアー（KLUB COUNTER ACTION／Live House Anima／新栄シャングリラ）	2026-10-11|2026-12-19	1,2
2	LET ME KNOW	4019,4524	jpop	仙台 darwin|Spotify O-EAST	2026-10-11|2026-11-19	1,1
2	MYTH & ROID	5812,5862	jpop	全国ツアー（梅田BananaHall／HEAVEN’S ROCK Kumagaya VJ-1／ボトムライン）|HEAVEN’S ROCK Kumagaya VJ-1	2026-11-03|2026-10-12	3,1
2	NEE	4329,4390	jpop	全国ツアー（Spotify O-EAST／Fukuoka BEAT STATION／BIGCAT／仙台 darwin／ペニーレーン24）|ボトムライン	2026-12-04|2026-10-24	1,1
2	OGRE YOU ASSHOLE	3519,4535	jpop	全国ツアー（BESSIE HALL／LIQUIDROOM／名古屋クラブクアトロ／Shangri-La）|Shangri-La	2027-01-10|2026-12-05	3,1
2	OKAMOTO’S	5124,5356	jpop	日本武道館|全国ツアー（CASINO DRIVE／ペニーレーン24／仙台 darwin／HEAVEN’S ROCK Kumagaya VJ-1／LIQUIDROOM／F.A.D YOKOHAMA／金沢AZ／ボトムライン／BIGCAT／YEBISU YA PRO／DIME／DRUM Be-1／鹿児島CAPARVOホール）	2027-03-12|2027-02-07	1,3
2	ONE PARK HANGOUTFES2026 in OYABE	2270,4527	fes	三井アウトレットパーク 北陸小矢部 特設会場|三井アウトレットパーク 北陸小矢部 特設会場	2026-11-03|2026-11-03	2,2
2	PURPLE BUBBLE	5509,5510	jpop	全国ツアー（LIVE HOUSE enn 2nd／RAD NINE／福岡Queblick）|LIVE SQUARE 2nd LINE	2026-11-14|2026-11-01	3,1
2	QUEENS OF THE STONE AGE	5296,5300	jpop|yougaku	Zepp Namba（OSAKA）|Zepp Nagoya	2026-11-28|2026-11-26	1,1
2	Rockroshi Starry Music Festival 2026	5747,5855	fes	六呂師高原|六呂師高原	2026-10-11|2026-10-11	5,5
2	SHERBETS	6281,6282	jpop	cube garden|Spotify O-EAST	2026-11-19|2026-12-10	1,1
2	SILENT SIREN	5801,5882	jpop	全国ツアー（甲府CONVICTION／水戸ライトハウス）|仙台 darwin	2026-10-09|2026-10-16	2,1
2	TENDOUJI	5529,5530	jpop	全国ツアー（柏ALIVE／WWW X）|The Voodoo Lounge	2026-12-17|2026-10-25	2,1
2	TMG	6546,6547	new	Zepp Sapporo|Zepp Fukuoka	2026-10-09|2026-10-17	1,1
2	UNCHAIN	2316,4534	jpop	全国ツアー（下北沢SHELTER／LIVE HOUSE FEVER／Zepp Shinjuku（TOKYO））|LIVE HOUSE FEVER	2026-11-29|2026-10-01	3,1
2	YUMEBANCHI×DUKE企画『瀬戸内共同戦線』	5909,5919	jpop	LIVE VANQUISH|高松MONSTER	2026-10-23|2026-10-24	1,1
2	さだ工務店	3477,4531	jpop	Zepp DiverCity（TOKYO）|COMTEC PORTBASE	2027-01-22|2027-01-17	1,2
2	すりぃ	5865,5887	jpop	Shibuya LOVEZ|GORILLA HALL OSAKA	2026-10-12|2026-10-17	1,1
2	なつかしい × あたらしい なにわブルースフェスティバル2026	907,3115	jpop|rock	なんばHatch|なんばHatch	2026-09-21|2026-09-20	1,1
2	みゆな	5342,5343	jpop	Live&Lounge Vio|musica hall cafe	2026-11-03|2026-11-06	1,1
2	アンセットシス	3677,4713	classic	谷山サザンホール|渋谷区文化総合センター大和田 さくらホール	2027-02-14|2026-12-02	1,1
2	イリーナ・メジューエワ（p）	3657,3723	classic	宗次ホール|京都コンサートホール 小ホール	2026-12-05|2026-10-23	1,1
2	ウルフルズ	4951,5043	jpop	フェスティバルホール|全国ツアー（広島JMSアステールプラザ 大ホール／島根県芸術文化センター「グラントワ」大ホール／カルッツかわさき（川崎市スポーツ・文化総合センター）ホール／小樽市民会館／根室市総合文化会館 大ホール／さいたま市文化センター 大ホール／東京エレクトロン韮崎文化ホール 大ホール）	2026-12-31|2026-10-17	1,6
2	ガンバレ☆プロレス	5645,5646	sports	高島平区民館|後楽園ホール	2026-10-12|2026-12-22	1,1
2	ビッケブランカ	5781,5875	jpop	全国ツアー（仙台市若林区文化センター／フェスティバルホール／LINE CUBE SHIBUYA）|フェスティバルホール	2026-10-25|2026-10-14	3,1
2	ピュアミュージック 2026『残暑お見舞いツアー』	576,732	jpop	CLUB CITTA'|スペードボックス	2026-09-11|2026-09-06	1,0
2	プッシュプルポット	5245,5266	jpop	名古屋クラブクアトロ|静岡UMBER	2027-01-17|2026-12-12	1,1
2	ミュージカル『SPY×FAMILY 2 爆弾犬篇＆豪華客船篇』	353,4615	2.5ji|musical	全国ツアー（ウェスタ川越／東京建物ブリリアホール／やまぎん県民ホール／御園座／兵庫県立芸術文化センター／博多座）|御園座	2026-12-29|2026-12-19	4,1
2	人間椅子	5332,5349	jpop	エレクトリック・レディ・ランド|Zepp Haneda（TOKYO）	2026-11-20|2026-12-01	2,1
2	仙台フィルハーモニー管弦楽団	3610,4724	classic	全国ツアー（日立システムズホール仙台 コンサートホール／いわき芸術文化交流館アリオス アルパイン大ホール／ふくしん夢の音楽堂 大ホール）|東京エレクトロンホール宮城	2027-02-03|2026-12-19	5,1
2	伊勢正三	2317,4503	jpop	全国ツアー（とうほう・みんなの文化センター 大ホール／ホクト文化ホール 大ホール／かつしかシンフォニーヒルズ モーツァルトホール／福岡サンパレス ホテル&ホール）|かつしかシンフォニーヒルズ モーツァルトホール	2026-11-07|2026-11-07	2,1
2	伊波杏樹	5811,5842	jpop	Yogibo META VALLEY|NAGOYA JAMMIN’	2026-10-04|2026-10-10	1,1
2	古澤巖×ベルリン・フィルハーモニック ストリングス～愛のクリスマス 2026～	1787,2475	classic	関内ホール 大ホール|全国ツアー（関内ホール 大ホール／アクロス福岡 福岡シンフォニーホール／しらかわホール／東京オペラシティ コンサートホール:タケミツメモリアル／二十五世観世左近記念観世能楽堂）	2026-12-05|2026-12-13	2,8
2	名探偵プリキュア! ドリームステージ♪	41,450	kids	長野市芸術館 メインホール|全国ツアー	2026-09-05|2026-10-04	0,7
2	堂島孝平	4044,4518	jpop	全国ツアー（心斎橋JANUS／PLANT）|LIVE HOUSE 燦庫-SANKO-	2026-10-31|2026-10-10	0,1
2	岡村孝子	5358,5359	jpop	Niterra日本特殊陶業市民会館 ビレッジホール|LINE CUBE SHIBUYA	2026-12-05|2026-12-19	1,1
2	川崎鷹也	4227,4493	jpop	全国ツアー（リンクステーションホール青森／仙台サンプラザホール／KDDI維新ホール／広島上野学園ホール）|札幌文化芸術劇場hitaru	2027-04-29|2027-05-21	4,1
2	忘れらんねえよ	5346,5347	jpop	エレクトリック・レディ・ランド|LIVE HOUSE enn 2nd	2026-12-18|2026-12-26	1,1
2	挾間美帆&デンマークラジオ・ビッグバンド	2836,4549	jazz	すみだトリフォニーホール 大ホール|アクリエひめじ 大ホール	2026-11-18|2026-11-15	1,1
2	来生たかお	2987,4525	jpop	全国ツアー（文京シビックホール 大ホール／フェスティバルホール／大仙市大曲市民会館）|全国ツアー（文京シビックホール 大ホール／カナモトホール／大仙市大曲市民会館／長野市芸術館 メインホール）	2026-12-24|2026-12-15	3,4
2	「果てない ～甦る母篇～」	5392,5393	engeki	全国ツアー（シアタートラム／キャナルシティ劇場）|キャナルシティ劇場	2026-12-29|2026-12-29	3,1
2	桂文珍独演会	413,4670	owarai	有楽町よみうりホール|麻生文化センター 川崎市麻生市民館	2026-11-29|2027-01-17	1,1
2	横山幸雄（p）	3663,3719	classic	宗次ホール|アイザック小杉文化ホール ラポール ひびきホール	2027-01-17|2026-09-26	2,1
2	渋谷うたの日	5819,5822	jpop	渋谷CLUB QUATTRO|Spotify O-WEST	2026-10-05|2026-10-06	1,1
2	石川さゆりコンサート ～極上のアンサンブル～	2338,4491	enka	東京エレクトロン韮崎文化ホール 大ホール|シンフォニアテクノロジー響ホール伊勢 大ホール	2026-10-04|2027-01-30	1,1
2	荻野目洋子	4184,4492	jpop	大井川文化会館ミュージコ|北國新聞赤羽ホール	2026-12-05|2026-12-20	1,1
2	都響スペシャル	4711,4775	classic	東京オペラシティ コンサートホール:タケミツメモリアル|サントリーホール 大ホール	2027-01-22|2027-02-19	1,2
2	鼓童	5797,5897	enka	札幌コンサートホールKitara 大ホール|幕別町百年記念ホール	2026-10-03|2026-10-18	1,1
