503	https://ticket.pia.jp/pia/event.do?eventCd=2627444
523	https://ticket.pia.jp/pia/event.do?eventCd=2634221
529	https://ticket.pia.jp/pia/event.do?eventCd=2634794
564	https://ticket.pia.jp/pia/event.do?eventCd=2627791
608	https://ticket.pia.jp/pia/event.do?eventCd=2627222
615	https://ticket.pia.jp/pia/event.do?eventCd=2634262
617	https://ticket.pia.jp/pia/event.do?eventCd=2632620
617	https://ticket.pia.jp/pia/event.do?eventCd=2632621
620	https://ticket.pia.jp/pia/event.do?eventCd=2634413
734	https://ticket.pia.jp/pia/event.do?eventCd=2633089
735	https://ticket.pia.jp/pia/event.do?eventCd=2633959
738	https://ticket.pia.jp/pia/event.do?eventCd=2630850
801	https://ticket.pia.jp/pia/event.do?eventCd=2633949
801	https://ticket.pia.jp/pia/event.do?eventCd=2633964
801	https://ticket.pia.jp/pia/event.do?eventCd=2633978
850	https://ticket.pia.jp/pia/event.do?eventCd=2623569
876	https://ticket.pia.jp/pia/event.do?eventCd=2609101
945	https://ticket.pia.jp/pia/event.do?eventBundleCd=b2668188
950	https://ticket.pia.jp/pia/event.do?eventCd=2629594
1109	https://ticket.pia.jp/pia/event.do?eventBundleCd=b2670144
1119	https://ticket.pia.jp/pia/event.do?eventCd=2627564
1122	https://ticket.pia.jp/pia/event.do?eventCd=2624050
1131	https://ticket.pia.jp/pia/event.do?eventCd=2629871
1273	https://ticket.pia.jp/pia/event.do?eventCd=2634000
1390	https://ticket.pia.jp/pia/event.do?eventCd=2634450
1625	https://ticket.pia.jp/pia/event.do?eventCd=2635475
1772	https://ticket.pia.jp/pia/event.do?eventCd=2625021
2080	https://ticket.pia.jp/pia/event.do?eventBundleCd=b2670253
2081	https://ticket.pia.jp/pia/event.do?eventBundleCd=b2670252
2121	https://ticket.pia.jp/pia/event.do?eventCd=2632782
2254	https://ticket.pia.jp/pia/event.do?eventCd=2631823
2336	https://ticket.pia.jp/pia/event.do?eventCd=2618009
2694	https://ticket.pia.jp/pia/event.do?eventBundleCd=b2670080
2949	https://ticket.pia.jp/pia/event.do?eventBundleCd=b2670179
3053	https://ticket.pia.jp/pia/event.do?eventCd=2619992
3117	https://ticket.pia.jp/pia/event.do?eventCd=2623690
3129	https://ticket.pia.jp/pia/event.do?eventBundleCd=b2670350
3335	https://ticket.pia.jp/pia/event.do?eventCd=2635014
3488	https://ticket.pia.jp/pia/event.do?eventCd=2629908
3489	https://ticket.pia.jp/pia/event.do?eventCd=2626544
3514	https://ticket.pia.jp/pia/event.do?eventCd=2633380
3735	https://ticket.pia.jp/pia/event.do?eventBundleCd=b2670611
3750	https://ticket.pia.jp/pia/event.do?eventBundleCd=b2670549
3752	https://ticket.pia.jp/pia/event.do?eventBundleCd=b2670622
3775	https://ticket.pia.jp/pia/event.do?eventBundleCd=b2670272
3818	https://ticket.pia.jp/pia/event.do?eventBundleCd=b2670603
3905	https://ticket.pia.jp/pia/event.do?eventBundleCd=b2670708
3956	https://ticket.pia.jp/pia/event.do?eventBundleCd=b2670619
4024	https://ticket.pia.jp/pia/event.do?eventBundleCd=b2670823
4046	https://ticket.pia.jp/pia/event.do?eventCd=2619004
4046	https://ticket.pia.jp/pia/event.do?eventCd=2620873
4058	https://ticket.pia.jp/pia/event.do?eventCd=2635196
4092	https://ticket.pia.jp/pia/event.do?eventCd=2627689
4103	https://ticket.pia.jp/pia/event.do?eventCd=2622983
4249	https://ticket.pia.jp/pia/event.do?eventBundleCd=b2669970
4339	https://ticket.pia.jp/pia/event.do?eventBundleCd=b2670838
4388	https://ticket.pia.jp/pia/event.do?eventCd=2634973
4490	https://ticket.pia.jp/pia/event.do?eventCd=2634612
4500	https://ticket.pia.jp/pia/event.do?eventCd=2628630
4506	https://ticket.pia.jp/pia/event.do?eventCd=2625890
4514	https://ticket.pia.jp/pia/event.do?eventCd=2624121
4514	https://ticket.pia.jp/pia/event.do?eventCd=2635197
4802	https://ticket.pia.jp/pia/event.do?eventCd=2635211
4850	https://ticket.pia.jp/pia/event.do?eventBundleCd=b2670675
4883	https://ticket.pia.jp/pia/event.do?eventCd=2631913
5052	https://ticket.pia.jp/pia/event.do?eventBundleCd=b2670656
5158	https://ticket.pia.jp/pia/event.do?eventCd=2634099
5355	https://ticket.pia.jp/pia/event.do?eventBundleCd=b2668661
5364	https://ticket.pia.jp/pia/event.do?eventCd=2634893
5400	https://ticket.pia.jp/pia/event.do?eventBundleCd=b2670744
5408	https://ticket.pia.jp/pia/event.do?eventBundleCd=b2670755
5409	https://ticket.pia.jp/pia/event.do?eventBundleCd=b2670754
5421	https://ticket.pia.jp/pia/event.do?eventBundleCd=b2670771
5430	https://ticket.pia.jp/pia/event.do?eventBundleCd=b2670798
5516	https://ticket.pia.jp/pia/event.do?eventBundleCd=b2670759
5550	https://ticket.pia.jp/pia/event.do?eventCd=2614807
5560	https://ticket.pia.jp/pia/event.do?eventCd=2632723
5656	https://ticket.pia.jp/pia/event.do?eventBundleCd=b2670828
5663	https://ticket.pia.jp/pia/event.do?eventBundleCd=b2670833
5675	https://ticket.pia.jp/pia/event.do?eventBundleCd=b2670805
5680	https://ticket.pia.jp/pia/event.do?eventCd=2634982
5691	https://ticket.pia.jp/pia/event.do?eventBundleCd=b2670820
5729	https://ticket.pia.jp/pia/event.do?eventBundleCd=b2670809
5732	https://ticket.pia.jp/pia/event.do?eventCd=2633997
5732	https://ticket.pia.jp/pia/event.do?eventCd=2635166
6065	https://ticket.pia.jp/pia/event.do?eventCd=2634887
6073	https://ticket.pia.jp/pia/event.do?eventBundleCd=b2670796
6077	https://ticket.pia.jp/pia/event.do?eventCd=2635295
6136	https://ticket.pia.jp/pia/event.do?eventBundleCd=b2670827
6139	https://ticket.pia.jp/pia/event.do?eventBundleCd=b2670799