7342	EverBrighteller	https://t.pia.jp/pia/event/event.do?eventBundleCd=b2670918
7344	n.SSign	https://t.pia.jp/pia/event/event.do?eventCd=2634015
7345	AK-69	https://t.pia.jp/pia/event/event.do?eventBundleCd=b2669950
7351	Organic Call	https://t.pia.jp/pia/event/event.do?eventBundleCd=b2665597
7352	金子智也	https://t.pia.jp/pia/event/event.do?eventCd=2620817
7355	クミコ	https://t.pia.jp/pia/event/event.do?eventCd=2614340
7357	KOTORI pre.“12” Tour	https://t.pia.jp/pia/event/event.do?eventBundleCd=b2666678
7358	KOHAKU	https://t.pia.jp/pia/event/event.do?eventBundleCd=b2669841
7359	金剛山歌劇団公演2026「メアリ-希望のこだま-」	https://t.pia.jp/pia/event/event.do?eventCd=2632227
7363	時速36km	https://t.pia.jp/pia/event/event.do?eventBundleCd=b2669203
7365	sumika	https://t.pia.jp/pia/event/event.do?eventCd=2625747
7367	SORAON Autumn’26 秋空の音楽祭	https://t.pia.jp/pia/event/event.do?eventCd=2635130
7369	tacica	https://t.pia.jp/pia/event/event.do?eventCd=2614209
7370	つきみ	https://t.pia.jp/pia/event/event.do?eventBundleCd=b2667142
7375	中田裕二	https://t.pia.jp/pia/event/event.do?eventBundleCd=b2668948
7379	半崎美子	https://t.pia.jp/pia/event/event.do?eventBundleCd=b2670807
7382	PassCode<VIP UPGRADE PACKAGE>	https://t.pia.jp/pia/event/event.do?eventCd=2624377
7384	フォレスタコンサート	https://t.pia.jp/pia/event/event.do?eventBundleCd=b2668986
7386	福田こうへい	https://t.pia.jp/pia/event/event.do?eventCd=2621635
7388	ふみ あなたの街でピアノ弾きます in 池田町	https://t.pia.jp/pia/event/event.do?eventCd=2627310
7390	THE FRANK VOX	https://t.pia.jp/pia/event/event.do?eventBundleCd=b2665966
7393	北海道歌旅座ザ・コンサート2026小樽公演	https://t.pia.jp/pia/event/event.do?eventCd=2630652
7396	MIHO FUKUHARA Acoustic Soul 2026	https://t.pia.jp/pia/event/event.do?eventCd=2623954
7397	ミュージッククルーズvol.4 ないえ町音楽収穫祭	https://t.pia.jp/pia/event/event.do?eventCd=2632183
7400	横山裕	https://t.pia.jp/pia/event/event.do?eventBundleCd=b2669968
7401	ラ・スペランザ	https://t.pia.jp/pia/event/event.do?eventBundleCd=b2669269
7402	reGretGirl	https://t.pia.jp/pia/event/event.do?eventBundleCd=b2667696
7403	レジェンダリー・カウント・ベイシー・オーケストラ	https://t.pia.jp/pia/event/event.do?eventCd=2626311
7407	沖縄三線と澄んだ歌声で聴く沖縄音楽コンサート&エイサー文化庁公演	https://t.pia.jp/pia/event/event.do?eventCd=2619358
7408	竹原ピストル	https://t.pia.jp/pia/event/event.do?eventCd=2609373
7409	TOTALFAT	https://t.pia.jp/pia/event/event.do?eventBundleCd=b2669706
7410	2026昭和101年音街巡旅	https://t.pia.jp/pia/event/event.do?eventCd=2612447
7411	福田こうへい	https://t.pia.jp/pia/event/event.do?eventCd=2613543
7412	前川清／松村和子	https://t.pia.jp/pia/event/event.do?eventCd=2600503
7414	いしがきMUSIC FESTIVAL 2026	https://t.pia.jp/pia/event/event.do?eventCd=2627829
7415	演歌熱唱!夢の競演	https://t.pia.jp/pia/event/event.do?eventCd=2616488
7416	片桐（Hakubi）	https://t.pia.jp/pia/event/event.do?eventCd=2628275
7419	斉藤和義	https://t.pia.jp/pia/event/event.do?eventCd=2621700
7422	福田こうへい	https://t.pia.jp/pia/event/event.do?eventCd=2622187
7424	I Don’t Like Mondays.	https://t.pia.jp/pia/event/event.do?eventCd=2623411
7426	ANRI	https://t.pia.jp/pia/event/event.do?eventCd=2614749
7431	kurage	https://t.pia.jp/pia/event/event.do?eventBundleCd=b2669787
7339	市川由紀乃	https://t.pia.jp/pia/event/event.do?eventCd=2620838
7353	かりゆし58	https://t.pia.jp/pia/event/event.do?eventCd=2616909
7371	TRIPLANE	https://t.pia.jp/pia/event/event.do?eventCd=2609363
7372	堂島孝平	https://t.pia.jp/pia/event/event.do?eventCd=2629795
7392	プッシュプルポット	https://t.pia.jp/pia/event/event.do?eventCd=2631478
7394	摩天楼オペラ	https://t.pia.jp/pia/event/event.do?eventCd=2623366
7404	LET ME KNOW	https://t.pia.jp/pia/event/event.do?eventCd=2627692
7413	石川さゆり	https://t.pia.jp/pia/event/event.do?eventCd=2602375
7432	和田唱（TRICERATOPS）	https://t.pia.jp/pia/event/event.do?eventCd=2633160
7433	レイラック滋賀FC	https://t.pia.jp/pia/event/event.do?eventCd=2631704
7434	レイラック滋賀FC	https://t.pia.jp/pia/event/event.do?eventCd=2630645
7435	三山ひろし	https://t.pia.jp/pia/event/event.do?eventCd=2614994
7436	三山ひろし	https://t.pia.jp/pia/event/event.do?eventCd=2614981
7437	三山ひろし	https://t.pia.jp/pia/event/event.do?eventCd=2619611
7438	三山ひろし	https://t.pia.jp/pia/event/event.do?eventCd=2627393
7439	三山ひろし	https://t.pia.jp/pia/event/event.do?eventCd=2625979
7440	三山ひろし	https://t.pia.jp/pia/event/event.do?eventCd=2624971
7441	三山ひろし	https://t.pia.jp/pia/event/event.do?eventCd=2621477
7442	三山ひろし	https://t.pia.jp/pia/event/event.do?eventCd=2620693
7443	三山ひろし	https://t.pia.jp/pia/event/event.do?eventCd=2626840
7444	三山ひろし	https://t.pia.jp/pia/event/event.do?eventBundleCd=b2669969
7445	三山ひろし	https://t.pia.jp/pia/event/event.do?eventCd=2618478
7446	中部フィルハーモニー交響楽団	https://t.pia.jp/pia/event/event.do?eventCd=2618744
7447	中部フィルハーモニー交響楽団	https://t.pia.jp/pia/event/event.do?eventCd=2625211
7448	中部フィルハーモニー交響楽団	https://t.pia.jp/pia/event/event.do?eventCd=2601030
7450	中部フィルハーモニー交響楽団	https://t.pia.jp/pia/event/event.do?eventCd=2601034
7451	前橋汀子	https://t.pia.jp/pia/event/event.do?eventCd=2619341
7452	千葉ロッテマリーンズ	https://t.pia.jp/pia/event/event.do?eventCd=2626240
7453	千葉ロッテマリーンズ	https://t.pia.jp/pia/event/event.do?eventBundleCd=b2670672
7454	千葉ロッテマリーンズ	https://t.pia.jp/pia/event/event.do?eventBundleCd=b2670670
7455	千葉ロッテマリーンズ	https://t.pia.jp/pia/event/event.do?eventCd=2624045
7456	千葉ロッテマリーンズ	https://t.pia.jp/pia/event/event.do?eventCd=2624049
7457	千葉ロッテマリーンズ	https://t.pia.jp/pia/event/event.do?eventCd=2624421
7458	千葉ロッテマリーンズ	https://t.pia.jp/pia/event/event.do?eventCd=2624422
7459	千葉ロッテマリーンズ	https://t.pia.jp/pia/event/event.do?eventCd=2625860
7460	天満天神繁昌亭	https://t.pia.jp/pia/event/event.do?eventCd=2625699
7461	天満天神繁昌亭	https://t.pia.jp/pia/event/event.do?eventCd=2625332
7462	天満天神繁昌亭	https://t.pia.jp/pia/event/event.do?eventCd=2629510
7463	天満天神繁昌亭	https://t.pia.jp/pia/event/event.do?eventCd=2624352
7464	天満天神繁昌亭	https://t.pia.jp/pia/event/event.do?eventCd=2631779
7465	山形交響楽団	https://t.pia.jp/pia/event/event.do?eventCd=2622791
7466	新日本プロレス	https://t.pia.jp/pia/event/event.do?eventCd=2630232
7467	新日本プロレス	https://t.pia.jp/pia/event/event.do?eventCd=2628350
7468	新日本プロレス	https://t.pia.jp/pia/event/event.do?eventCd=2630009
7469	新日本プロレス	https://t.pia.jp/pia/event/event.do?eventCd=2629375
7470	新日本プロレス	https://t.pia.jp/pia/event/event.do?eventCd=2630428
7471	新日本プロレス	https://t.pia.jp/pia/event/event.do?eventCd=2630077
7472	新日本プロレス	https://t.pia.jp/pia/event/event.do?eventCd=2627849
7473	新日本プロレス	https://t.pia.jp/pia/event/event.do?eventCd=2629187
7474	新日本プロレス	https://t.pia.jp/pia/event/event.do?eventCd=2630433
7475	新日本プロレス	https://t.pia.jp/pia/event/event.do?eventCd=2636274
7476	東京シティ・フィルハーモニック管弦楽団	https://t.pia.jp/pia/event/event.do?eventBundleCd=b2666818
7477	東京シティ・フィルハーモニック管弦楽団	https://t.pia.jp/pia/event/event.do?eventBundleCd=b2666279
7478	東京シティ・フィルハーモニック管弦楽団	https://t.pia.jp/pia/event/event.do?eventBundleCd=b2666820
7479	東京シティ・フィルハーモニック管弦楽団	https://t.pia.jp/pia/event/event.do?eventCd=2619007
7480	東京シティ・フィルハーモニック管弦楽団	https://t.pia.jp/pia/event/event.do?eventCd=2619015
7481	東京シティ・フィルハーモニック管弦楽団	https://t.pia.jp/pia/event/event.do?eventCd=2619019
7482	松原健之	https://t.pia.jp/pia/event/event.do?eventCd=2618208
7483	松原健之	https://t.pia.jp/pia/event/event.do?eventCd=2614752
7484	松原健之	https://t.pia.jp/pia/event/event.do?eventCd=2616618
7485	桂吉弥	https://t.pia.jp/pia/event/event.do?eventCd=2634585
7486	桂吉弥	https://t.pia.jp/pia/event/event.do?eventCd=2628762
7487	牧阿佐美バレヱ団	https://t.pia.jp/pia/event/event.do?eventBundleCd=b2670293
7488	立川談笑	https://t.pia.jp/pia/event/event.do?eventCd=2627357
7489	立川談笑	https://t.pia.jp/pia/event/event.do?eventCd=2616030
7490	角野未来	https://t.pia.jp/pia/event/event.do?eventCd=2617779
7491	THE MATSURI SESSION	https://t.pia.jp/pia/event/event.do?eventCd=2631679
