Post id,Date,Post text,Post Link,Impressions,Likes,Engagements,Bookmarks,Shares,New follows,Replies,Reposts,Profile visits,Detail Expands,URL Clicks,Hashtag Clicks,Permalink Clicks
2090216238433931647,"Wed, Aug 19, 2026","OSHINAVIの""8/20発売""ピックアップ🎫 本日8/20(木) 10:00から続々発売！ 今日は26件の公演で発売が始まる、大きな一日よ。 落語も演劇もクラシックもジャズも、幅広く並んでるの。",https://x.com/oshinavinavi/status/2090216238433931647,12,0,0,0,0,0,0,0,0,0,0,0,0
2090212463820325371,"Wed, Aug 19, 2026","OSHINAVIの""8/20発売""ピックアップ🎫 本日8/20(木) 12:00発売！ ドラム好きに捧げる4日間よ。 パール創業80周年のフェスが、川崎CLUB CITTA'の全館を使って開かれるの。 製品展示に歴史コーナー、試打スペースまであるんだから、観るだけじゃなく触れる80周年なのよ。",https://x.com/oshinavinavi/status/2090212463820325371,53,0,0,0,0,0,0,0,0,0,0,0,0
2090208688858448272,"Wed, Aug 19, 2026","OSHINAVIの""8/20発売""ピックアップ🎫 本日8/20(木) 11:00発売！ 全国19会場を回るホールツアー「A Whole New Paradise」、その先行が動き出すわよ。 本日11:00に始まるのはプレリザーブ。 対象は石川・福井（10/31〜11/1）、北海道（2027年1/9〜1/11）、新潟（2027年1/16）よ。",https://x.com/oshinavinavi/status/2090208688858448272,26,0,0,0,0,0,0,0,0,0,0,0,0
2090204914060271741,"Wed, Aug 19, 2026","OSHINAVIの""8/20発売""ピックアップ🎫 本日8/20(木) 10:00発売！ 夏の終わりに、これ以上の遊び場があるかしら。 万博記念公園のお祭り広場に櫓（やぐら）を組んで、マンゲキのメンバーが野外でライブをやるのよ。 屋台も縁日も出るの。 つまり、笑って食べて遊べるお祭りってことだわ。",https://x.com/oshinavinavi/status/2090204914060271741,100,0,3,0,0,0,0,0,1,0,1,1,0
2090201138868187258,"Wed, Aug 19, 2026","OSHINAVIの""8/20発売""ピックアップ🎫 本日8/20(木) 10:00発売！ あの「タイタニック」を、志らくが高座でやるのよ。 映画を落語に翻案する「シネマ落語」、あれは志らくにしかできない芸だわ。",https://x.com/oshinavinavi/status/2090201138868187258,39,0,0,0,0,0,0,0,0,0,0,0,0
2089676431643259167,"Tue, Aug 18, 2026","OSHINAVIの""8/19発売""ピックアップ🎫 8/19(水) 朝8:00から順次発売！ 明日8/19(水)は発売が立て続けなのよ。 千葉ロッテマリーンズの9月本拠地戦、2年ぶりの大相撲長崎場所プリセール、新田恵海の昼夜2公演、そして松本山雅FC対FC大阪。 ただし時刻の思い込みは禁物よ。",https://x.com/oshinavinavi/status/2089676431643259167,326,0,0,0,0,0,0,0,0,0,0,0,0
2089668882630140147,"Tue, Aug 18, 2026","OSHINAVIの""8/19発売""ピックアップ🎫 8/19(水) 8:00発売！ まず注意してほしいの、この試合だけ発売が朝8:00なのよ。 いつもの感覚で10時に構えてたら、2時間の出遅れだわ。 明治安田J3リーグ、松本山雅FCがFC大阪を迎える一戦よ。 9/5(土)、ホームのサンプロ アルウィンで開催なの。",https://x.com/oshinavinavi/status/2089668882630140147,198,0,0,0,0,0,0,0,0,0,0,0,0
2089661332182495341,"Tue, Aug 18, 2026","OSHINAVIの""8/19発売""ピックアップ🎫 8/19(水) 10:00発売！ 新田恵海のライブが9/19(土)、東京のダンスホール新世紀で開かれるわ。 しかも昼公演と夜公演の2回あるのよ。 どっちにするか迷うところだけど、あたしに言わせれば、迷ってるひまがいちばんもったいないの。",https://x.com/oshinavinavi/status/2089661332182495341,55,0,0,0,0,0,0,0,0,0,0,0,0
2089653782753792037,"Tue, Aug 18, 2026","OSHINAVIの""8/19発売""ピックアップ🎫 8/19(水) 10:00プリセール開始！ 長崎に大相撲が帰ってくるのよ、2024年以来2年ぶりだわ。 舞台は長崎スタジアムシティ内のHAPPINESS ARENA、12/3(木)の一日限りよ。 中身を聞いて驚かないでちょうだい。",https://x.com/oshinavinavi/status/2089653782753792037,238,0,0,0,0,0,0,0,0,0,0,0,0
2089646232641671608,"Tue, Aug 18, 2026","OSHINAVIの""8/19発売""ピックアップ🎫 8/19(水) 10:00発売！ ZOZOマリンスタジアムの9月、5試合ぶんが明日まとめて出るわ。 9/19〜21は埼玉西武ライオンズとの3連戦、9/27・28は北海道日本ハムファイターズとの2連戦よ。 今回は通常席に加えて〈ワイドシート〉も同時に発売されるの。",https://x.com/oshinavinavi/status/2089646232641671608,154,0,0,0,0,0,0,0,0,0,0,0,0
2089315805251166278,"Mon, Aug 17, 2026","OSHINAVIの""明日発売""ピックアップ🎫 明日8/18(火)は発売開始が全部で29件。 件数より、時間が散らばってることのほうが怖いのよ。 0:00に1件（平手友梨奈の当日引換券）、10:00にどんと18件、11:00に3件、12:00に3件、15:00に2件、18:00に1件、20:00に1件。",https://x.com/oshinavinavi/status/2089315805251166278,253,1,2,0,0,0,0,0,0,1,0,0,0
2089312030427697281,"Mon, Aug 17, 2026","OSHINAVIの""明日発売""ピックアップ🎫 カード発表を待たずに席を押さえる、その覚悟の話よ。 ONE SAMURAI 5は11/18(水)、EBARA WAVE アリーナおおた（東京）。 平日開催だから、休みの算段は早いほど楽なのよ。 一般発売は明日8/18(火)10:00開始。 券種はCAT1〜CAT4と、VVIP・VIPの2本立て。",https://x.com/oshinavinavi/status/2089312030427697281,36,0,0,0,0,0,0,0,0,0,0,0,0
2089308255969276258,"Mon, Aug 17, 2026","OSHINAVIの""明日発売""ピックアップ🎫 ハマスタの9月、まとめて来るわよ。 横浜スタジアムに対阪神タイガース戦が9/25(金)・9/26(土)、対広島東洋カープ戦が9/27(日)・9/28(月)。 一般販売は明日8/18(火)12:00開始よ。 お昼の12時、仕事中の子はこっそりスマホをスタンバイね。",https://x.com/oshinavinavi/status/2089308255969276258,311,0,4,0,0,0,0,0,0,2,2,0,0
2089304480563265880,"Mon, Aug 17, 2026","OSHINAVIの""明日発売""ピックアップ🎫 公開翌日に、あの声が生で響くのよ。 〈ワルプルギスの廻天〉は8/28(金)公開。 8/29(土)は新宿バルト9とユナイテッド・シネマ豊洲、悠木碧さん・斎藤千和さんはじめキャスト7名が登壇。",https://x.com/oshinavinavi/status/2089304480563265880,688,0,3,0,0,0,0,0,0,2,0,1,0
2089299032288186737,"Mon, Aug 17, 2026","OSHINAVIの""明日発売""ピックアップ🎫 まだ間に合う道が、ひとつだけ残ってるの。 ソロ初の日本武道館「アナタタチノカルテ」は8/20(木)、開場18:00／開演19:00。 昨年の初ワンマン""零""から1年での武道館よ。 一般発売は今夜23:59で締切。",https://x.com/oshinavinavi/status/2089299032288186737,330,1,5,0,0,0,0,0,2,1,0,1,0
2088959205982216523,"Sun, Aug 16, 2026","OSHINAVIの""明日発売""ピックアップ🎫 明日8/17(月)は発売が全部で33件もある大渋滞日なの。 鈴木雅之の兵庫クリスマスホテル公演は10:00、NEEの北海道2次プレリザーブは11:00、STARDOM10月シリーズとFULL METAL JAPANは12:00、ONE OK ROCK宮城の追加販売は19:00。",https://x.com/oshinavinavi/status/2088959205982216523,134,1,2,0,0,0,0,0,1,0,0,0,0
2088955430810877955,"Sun, Aug 16, 2026","OSHINAVIの""明日発売""ピックアップ🎫 STARDOMの10月シリーズ4公演、一般発売が明日8/17(月)12:00にいっせいに始まるわよ。 10/2(金)・10/3(土)中日ホールの名古屋2連戦、10/4(日)ツインメッセ静岡 北館、そして10/11(日)は後楽園ホール。 金土日で3日連続の遠征が組める並びなのよ。",https://x.com/oshinavinavi/status/2088955430810877955,156,0,0,0,0,0,0,0,0,0,0,0,0
2088951655924449307,"Sun, Aug 16, 2026","OSHINAVIの""明日発売""ピックアップ🎫 READING HIGH noir第4回公演『HYPNAGOGIA～ヒプナゴギア～』。 指定席先着先行が明日8/17(月)19:00スタートよ。 9/25(金)〜9/27(日)、天王洲 銀河劇場。 荒牧慶彦と和田雅成はシリーズ初参加。",https://x.com/oshinavinavi/status/2088951655924449307,434,1,7,0,0,0,0,0,2,1,3,0,0
2088947880887550247,"Sun, Aug 16, 2026","OSHINAVIの""明日発売""ピックアップ🎫 宮川大聖 LIVE TOUR 2026-2027「BLUE FIRE」。 12/20(日)札幌ペニーレーン24のプレリザーブが、明日8/17(月)12:00から受付よ（8/23(日)まで）。 年をまたぐロングツアーを、ライブハウスの距離で観られる一本。 抽選ってね、申し込んだ人にしか当たらないの。",https://x.com/oshinavinavi/status/2088947880887550247,79,0,6,0,0,0,0,0,5,1,0,0,0
2088944106454270194,"Sun, Aug 16, 2026","OSHINAVIの""明日発売""ピックアップ🎫 ONE OK ROCK DETOX JAPAN TOUR FINAL 2026、宮城の追加販売が明日8/17(月)19:00に解禁よ。 対象は8/25(火)・8/26(水)セキスイハイムスーパーアリーナ（グランディ・21）。 公演までもう1週間しかないの。",https://x.com/oshinavinavi/status/2088944106454270194,160,0,2,0,0,0,0,0,0,1,1,0,0
2088230655012303255,"Fri, Aug 14, 2026","OSHINAVIの""8/15発売""ピックアップ🎫 D'ERLANGERの全国ツアー、12/20まで全14公演の長い旅が始まるわ。 東京は9/11・9/12 Veats Shibuyaで2days、神奈川は9/22・9/23 SUPERNOVA KAWASAKIで2daysよ。 14公演あるってことは、会いに行けるチャンスが14回あるってことなの。",https://x.com/oshinavinavi/status/2088230655012303255,101,0,0,0,0,0,0,0,0,0,0,0,0
2088226880172515575,"Fri, Aug 14, 2026","OSHINAVIの""8/16発売""ピックアップ🎫 9月の水曜に、笑いに行く日を作りましょ。 真空ジェシカの「イベン父ちゃん」「イベアンドトシ」、9/16(水) 東京・有楽町よみうりホールよ。 このタイトルの並びだけで、もう当日の空気が想像できるじゃない。",https://x.com/oshinavinavi/status/2088226880172515575,353,0,5,0,0,0,0,0,1,1,3,0,0
2088223105273811155,"Fri, Aug 14, 2026","OSHINAVIの""8/15発売""ピックアップ🎫 月曜の夜に最高の予定があるだけで、一週間って変わるのよね。 おとぼけビ～バ～の全国ツアー、9/14(月)は愛知・名古屋クラブクアトロよ。 ライブは日常をいったんまるごと忘れさせてくれる時間でしょ。",https://x.com/oshinavinavi/status/2088223105273811155,741,0,6,0,0,0,0,0,5,0,0,1,0
2088219330907648340,"Fri, Aug 14, 2026","OSHINAVIの""8/15発売""ピックアップ🎫 いつも画面の中にいる雷獣が、その日は同じ会場にいるのよ。 雷獣チャンネル THE LIVE「PLAY」、9/27(日) 東京・なかのZERO 大ホールで開催だわ。 再生ボタンでは味わえない、その場でしか起きない瞬間に立ち会えるのがライブってものでしょ。",https://x.com/oshinavinavi/status/2088219330907648340,264,0,4,0,0,0,0,0,2,1,1,0,0
2088215555539169532,"Fri, Aug 14, 2026","OSHINAVIの""8/15発売""ピックアップ🎫 大阪の予定帳、11/19(木)に丸をつけて頂戴。 サイダーガールの全国ツアーが、大阪・SPiCEにやって来るわ。 ツアーってね、推しのほうから自分の街に来てくれる日のことなのよ。",https://x.com/oshinavinavi/status/2088215555539169532,43,0,0,0,0,0,0,0,0,0,0,0,0
2088211780778500389,"Fri, Aug 14, 2026","OSHINAVIの""8/17発売""ピックアップ🎫 秋のスターダム、この4公演よ。 10/2・10/3 愛知・中日ホール 10/4 静岡・ツインメッセ静岡 10/11 東京・後楽園ホール 会場で見る女子プロレスは、情報量がまるで違うの。 技の音も、歓声も、選手の表情も、ぜんぶ一度に飛び込んでくるんだから。",https://x.com/oshinavinavi/status/2088211780778500389,290,0,2,0,0,0,0,0,1,1,0,0,0
2088208005829456215,"Fri, Aug 14, 2026","OSHINAVIの""8/15発売""ピックアップ🎫 仙台のみんな、おめでとう。 MISIAが8/28(金)、仙台サンプラザホールに来るわよ。 あの歌声を目の前で聴ける時間は、テレビでも配信でも代わりにならないの。 生で聴いた人にしか分からない感動が、そこにあるのよ。 一般発売は8/15の朝10:00。",https://x.com/oshinavinavi/status/2088208005829456215,118,0,2,0,0,0,0,0,2,0,0,0,0
2088204231660773816,"Fri, Aug 14, 2026","OSHINAVIの""8/15発売""ピックアップ🎫 聴きたかった人、集合よ。 Uruのライブが9/3(木)、東京・昭和女子大学 人見記念講堂で開かれるわ。 イヤホンで何百回も再生したあの声を、同じ空間で受け取れる夜なのよ。 知ってる曲のはずなのに、ホールで聴くその一回は一生ものになるんだから。",https://x.com/oshinavinavi/status/2088204231660773816,62,0,0,0,0,0,0,0,0,0,0,0,0
2088200456078246065,"Fri, Aug 14, 2026","OSHINAVIの""8/15発売""ピックアップ🎫 イモトアヤコ「すっぴんしゃん10周年イベント～大大大感謝祭～」、9/5(土) 東京・草月ホールよ。 10年よ、10年。 ひとつのことを10年続けて、その節目をファンと一緒にお祝いできるって、そうそう無いことだわ。",https://x.com/oshinavinavi/status/2088200456078246065,77,0,0,0,0,0,0,0,0,0,0,0,0
2087879591885234663,"Thu, Aug 13, 2026","OSHINAVIの""明日発売""ピックアップ🎫 アサヒスーパードライ パシフィックネーションズカップ2026、チケットぴあでの一般発売は明日8/14(金)18:00よ。 9/12(土)は大阪・東大阪市花園ラグビー場で準決勝、日本代表vsアメリカ代表とフィジー代表vsカナダ代表(車椅子席も同時発売)。",https://x.com/oshinavinavi/status/2087879591885234663,275,0,0,0,0,0,0,0,0,0,0,0,0
2087875816957133302,"Thu, Aug 13, 2026","OSHINAVIの""明日発売""ピックアップ🎫 ソ・ウングァン(BTOB)「2026 SEO EUNKWANG CONCERT [My Page] in TOKYO」、明日8/14(金)12:00に一般発売よ。 日程は8/21(金)、東京・第一生命ホール。 東京では初めてのソロ・コンサートなのよ。 ファンクラブ先行分はすでに予定枚数終了。",https://x.com/oshinavinavi/status/2087875816957133302,397,0,23,0,0,0,0,0,2,8,13,0,0
2087872042544562233,"Thu, Aug 13, 2026","OSHINAVIの""明日発売""ピックアップ🎫 「鋼の錬金術師×黄泉のツガイ展」札幌、前売券の一般発売が明日8/14(金)10:00からよ。 会期は10/14(水)〜11/1(日)、大丸札幌店7階ホール(10:00〜19:00、最終日は17:00閉場)。",https://x.com/oshinavinavi/status/2087872042544562233,745,0,1,0,0,0,0,0,1,0,0,0,0
2087868267256062428,"Thu, Aug 13, 2026","OSHINAVIの""明日発売""ピックアップ🎫 ブランデー戦記『BRANDY SENKI TOUR 2026』札幌公演、4次プレリザーブが明日8/14(金)11:00受付開始よ(8/20(木)11:00まで)。 舞台は10/24(土)、札幌ペニーレーン24。 10/4の仙台Rensaから11/19のZepp DiverCity(TOKYO)まで全8都市、自身最大規模のツアーなの。",https://x.com/oshinavinavi/status/2087868267256062428,234,0,2,0,0,0,0,0,1,0,1,0,0
2087864492445319443,"Thu, Aug 13, 2026","OSHINAVIの""明日発売""ピックアップ🎫 日食なつこ、未発表曲ツアー「エリア未来2 ""ブラックホール""」札幌公演のプレリザーブ受付が明日8/14(金)18:00に始まるわよ(8/19(水)11:00まで)。 公演は10/18(日)、北海道・Zepp Sapporo。",https://x.com/oshinavinavi/status/2087864492445319443,289,0,2,0,0,0,0,0,2,0,0,0,0
2087857461701275888,"Thu, Aug 13, 2026",#BAE173 #FANCON https://t.co/E4Kk2l7rQG,https://x.com/oshinavinavi/status/2087857461701275888,4,0,0,0,0,0,0,0,0,0,0,0,0
2087856953972445219,"Thu, Aug 13, 2026","OSHINAVIの""明日発売""ピックアップ🎫 BAE173「FAN-CON IN JAPAN 2026」、一般発売は明日8/14(金)10:00よ。 公演は9/5(土)東京・TIAT SKY HALLと9/12(土)大阪・アゼリア大正の2都市。 コンサートじゃなくてFAN-CONって銘打ってるのが答えなのよ。",https://x.com/oshinavinavi/status/2087856953972445219,133,0,9,0,0,0,1,0,4,1,3,0,0
2087475428705620203,"Wed, Aug 12, 2026","OSHINAVIの""本日発売""ピックアップ🎫 初のフルアルバム『私・僕・君・語』(9/16リリース)を引っ提げた「私・僕・君・叫 tour2026」。 そのファイナルが12/25(金)、クリスマスの渋谷CLUB QUATTROなのよ。 バンドにとって2度目の渋谷CLUB QUATTROワンマンだわ。",https://x.com/oshinavinavi/status/2087475428705620203,42,0,0,0,0,0,0,0,0,0,0,0,0
2087378540186554532,"Wed, Aug 12, 2026","OSHINAVIの""本日発売""ピックアップ🎫 15周年のDEZERTが7年ぶりにホールへ戻ってくるのよ。 「Welcome To My Beginning」、ここから新たな一歩を踏み出すって掲げたツアーだわ。 9/12(土)NHK大阪ホール、9/19(土)愛知・Niterra日本特殊陶業市民会館 ビレッジホール、9/27(日)Kanadevia Hall。",https://x.com/oshinavinavi/status/2087378540186554532,97,0,2,0,0,0,0,0,2,0,0,0,0
2087370990577967157,"Wed, Aug 12, 2026","OSHINAVIの""本日発売""ピックアップ🎫 「前衛懐古主義 part 5」、2年ぶりの再現ツアーよ。 セットリストは2015年の『blueprint』『WAYPOINT E.P.』『SOLUTION E.P.』の楽曲だけで組まれるの。 初の福岡・仙台を加えた5都市・全5公演に広がるのも今回ならでは。 今日の一般発売は9/26(土)名古屋THE",https://x.com/oshinavinavi/status/2087370990577967157,462,0,1,0,0,0,0,0,0,1,0,0,0
2087367215628906581,"Wed, Aug 12, 2026","OSHINAVIの""本日発売""ピックアップ🎫 「jo0ji one-man tour 2026『いかり』」、Zepp 6か所を含む自身最大規模の全国ツアーよ。 11/22(日)Zepp Sapporoは16:00開場、17:00開演。 スタンディング6,000円、1F・2F指定席は各7,000円(税込)。 立ちで行くか座席で観るか、選べるのもありがたいわね。",https://x.com/oshinavinavi/status/2087367215628906581,222,0,0,0,0,0,0,0,0,0,0,0,0
2087362182484722145,"Wed, Aug 12, 2026","OSHINAVIの""本日発売""ピックアップ🎫 「CANDY TUNE JAPAN TOUR 2026 -AUTUMN-」は18都市23公演、自身最大規模なのよ。 ファイナルは東京ガーデンシアター2デイズ、そして四国では初のワンマンもあるの。 今日は11/24(火)高知・新来島高知重工ホール",https://x.com/oshinavinavi/status/2087362182484722145,147,0,1,0,0,0,0,0,0,0,0,1,0
2087354632460767670,"Wed, Aug 12, 2026","OSHINAVIの""本日発売""ピックアップ🎫 「DMCC REAL ONEMAN TOUR 2026-2027」、全21ヶ所を回るツアーの北海道2公演に3次プレリザーブが来たわよ。 11/23(月・祝)旭川CASINO DRIVE(18:00開演)、11/25(水)札幌ペニーレーン24(19:00開演)。",https://x.com/oshinavinavi/status/2087354632460767670,161,0,0,0,0,0,0,0,0,0,0,0,0
2087347083011629280,"Wed, Aug 12, 2026","OSHINAVIの""本日発売""ピックアップ🎫 「ABEMA presents RISE WORLD SERIES 2026 TOKYO.2」、3大タイトルマッチを軸にトップファイターが集結する大会よ。 スーパーライト級(-65kg)は王者・白鳥大珠 vs YURA。 9/19(土)EBARA WAVE アリーナおおた、開場12:00・開始13:30。 ABEMA",https://x.com/oshinavinavi/status/2087347083011629280,114,0,0,0,0,0,0,0,0,0,0,0,0
2087337325214969878,"Wed, Aug 12, 2026","OSHINAVIの""本日発売""ピックアップ🎫 「吉本新喜劇まつり2026〜選ばれし30+1の座員たち〜」、総選挙で選ばれた人気座員が一堂に会するのよ。 この顔ぶれが同じ舞台に揃う夜なんて、そうそうないでしょ。 しかも台本はこの日だけのスペシャル。",https://x.com/oshinavinavi/status/2087337325214969878,115,1,2,0,0,0,0,0,0,0,1,0,0
2087183757014941836,"Tue, Aug 11, 2026","OSHINAVIの""明日発売""ピックアップ🎫 北海道の子たち、これはあなたたちの番よ。 LiSAの全国ホールツアー「LiVE is Smile Always〜LACE UP〜」、2次プレリザーブが明日8/12(水)11:00に受付スタートだわ。 対象は帯広市民文化ホール 11/13(金)と、札幌文化芸術劇場hitaru 11/15(日)の2公演よ。",https://x.com/oshinavinavi/status/2087183757014941836,100,0,1,0,0,0,0,0,0,0,1,0,0
2087167854122840410,"Tue, Aug 11, 2026","OSHINAVIの""明日発売""ピックアップ🎫 歴史が動く瞬間って、そう何度も来ないのよ。 Stray Kids World Tour ＜RUN IT JAPAN＞、セブン-イレブン先行が明日8/12(水)12:00に受付スタートよ。 今回の日本公演は計7公演で、海外の男性アーティストとして史上初のMUFG STADIUM（国立競技場）公演を含むの。",https://x.com/oshinavinavi/status/2087167854122840410,880,0,9,0,0,0,0,0,1,5,3,0,0
2086980924114362577,"Tue, Aug 11, 2026","OSHINAVIの""本日発売""ピックアップ🎫 諦めかけてたあなた、朗報よ。 Vaundy ASIA ARENA TOUR 2026 ""HORO""、機材開放受付（先着）が本日8/11(火)12:00に受付スタートだわ。 対象は千葉・幕張メッセ 9・11ホール 9/5(土)・9/6(日)と、福岡・北九州メッセ 10/24(土)・10/25(日)よ。",https://x.com/oshinavinavi/status/2086980924114362577,681,0,3,0,0,0,0,0,2,1,0,0,0
2086612745978552659,"Mon, Aug 10, 2026","OSHINAVIの""本日発売""ピックアップ🎫 『奥華子CONCERT TOUR 2026 -弾き語り-』。 タイトルに掲げるほどの""弾き語り""、これを聴かずに今年は締められないわよ。 9/6〜12/26の全13公演のうち、本日10:00に一般発売なのは8公演。 千葉9/12・愛知9/21・埼玉10/8・福岡10/12",https://x.com/oshinavinavi/status/2086612745978552659,75,0,2,0,0,0,0,0,0,0,2,0,0
2086610357137854863,"Mon, Aug 10, 2026","OSHINAVIの""本日発売""ピックアップ🎫 会場はアリーナでもホールでもないの。 鹿児島国際大学の学園祭「第27回 遊華俚祭」、その特設ステージなのよ。 FUNKY MONKEY BΛBY'S 11月21日(土)、フィールドハウス内特設ステージで開催。 一般発売は本日8/10(月)10:00から。",https://x.com/oshinavinavi/status/2086610357137854863,114,0,6,0,0,1,0,0,1,2,2,0,0
2086602145756037362,"Sun, Aug 9, 2026","OSHINAVIの""本日発売""ピックアップ🎫 平日の夜、仕事終わりにプロレスへ直行する。 それが叶うのが後楽園ホールのナイター興行なのよ。 「STARDOM NIGHTER in KORAKUEN 2026 Sep.」 9月29日(火)、東京・後楽園ホール。 一般発売は本日8/10(月)12:00からよ。",https://x.com/oshinavinavi/status/2086602145756037362,75,0,0,0,0,0,0,0,0,0,0,0,0
2085889981630050481,"Sat, Aug 8, 2026","OSHINAVIの""本日発売""ピックアップ🎫 8/8(土) 10:00発売！ 【HY】 全国14公演ぶん、今日まとめて発売開始よ 北海道10/12から始まって、秋田・宮城・岐阜・三重・愛知・東京・大分・福岡・香川・高知・広島・岡山、そして2027年1月31日の沖縄で締めくくるの。 地元に帰って終わる旅ってこと。",https://x.com/oshinavinavi/status/2085889981630050481,149,0,2,0,0,0,0,0,0,1,1,0,0
2085886208626897133,"Sat, Aug 8, 2026","OSHINAVIの""本日発売""ピックアップ🎫 8/8(土) 10:00発売！ 【水瀬いのり】 富士急ハイランド・コニファーフォレスト 9/12(土)・9/13(日) 2days 森に囲まれた野外ステージで、2日続けてあの声を聴けるのよ。 屋根のないところで聴く歌って、音源で聴くのとぜんぜん違うの。 空気ごと震えるんだから。",https://x.com/oshinavinavi/status/2085886208626897133,176,0,3,0,0,0,0,0,1,1,0,1,0
2085878657176961478,"Sat, Aug 8, 2026","OSHINAVIの""本日発売""ピックアップ🎫 8/8(土) 10:00発売！ 【スキマスイッチ】 秋の関西を、たった1週間で4本 10/4 なら100年会館 10/6 フェスティバルホール 10/8 兵庫 10/10 大阪 10月あたまの7日間だけ、関西に居座ってくれるってこと。 遠征しなくたって、どれか1本は手が届くはずよ。",https://x.com/oshinavinavi/status/2085878657176961478,230,0,3,0,0,0,0,0,1,1,1,0,0
2085853908132577666,"Fri, Aug 7, 2026","OSHINAVIの""本日発売""ピックアップ🎫 8/8(土) 10:00発売！ 【スキマスイッチ】 関西4公演が本日そろって解禁 なら100年会館 10/4、フェスティバルホール 10/6、兵庫 10/8、そして大阪 10/10。 関西だけで4回、しかも1週間のうちに畳みかけてくるの。",https://x.com/oshinavinavi/status/2085853908132577666,200,0,7,0,0,0,0,0,2,4,1,0,0
2085342083834171576,"Thu, Aug 6, 2026",https://t.co/HznoHhohiI https://t.co/fMrq04uKHv,https://x.com/oshinavinavi/status/2085342083834171576,7,0,0,0,0,0,0,0,0,0,0,0,0
2085340582747259095,"Thu, Aug 6, 2026","OSHINAVIの""7日発売""ピックアップ🎫 「ヤーレンズと太福の演芸会」、明日8/7(金)10:00に一般発売よ。 8/28(金)、浅草フランス座演芸場東洋館。 漫才のヤーレンズと浪曲の玉川太福が「自分たちが今いちばん見てほしい芸人を招く」って立ち上げた会なの。今回呼ばれたのは瀧川鯉八とかが屋。",https://x.com/oshinavinavi/status/2085340582747259095,719,1,22,1,0,0,0,1,10,4,6,0,0
2085327249658826818,"Thu, Aug 6, 2026","OSHINAVIの""7日発売""ピックアップ🎫 小山田壮平、明日8/7(金)11:00からプレリザーブの受付が始まるわよ。 今回は東北4会場。秋田9/12 Club SWINDLE、岩手9/13 club change WAVE、福島10/24 Hip Shot Japan、宮城10/25 仙台PIT。 この【東北】枠なら4公演まとめて申し込めるの。締切は8/12(水)11:00。",https://x.com/oshinavinavi/status/2085327249658826818,229,0,5,0,0,0,1,0,0,2,2,0,0
2084976135209935242,"Wed, Aug 5, 2026","OSHINAVIの""7日発売""ピックアップ🎫 Stray Kids World Tour ＜RUN IT JAPAN＞ 8/7(金)20:00〜 抽選先行スタート（ぴあNICOSカード限定） 海外の男性アーティストで史上初よ。 あの国立競技場——MUFG STADIUMに、スキズが立つの。 しかも2days! 名古屋も大阪も2days、福岡で締めて全7公演。 https://t.co/Q7C2h5itMf",https://x.com/oshinavinavi/status/2084976135209935242,1056,0,16,0,0,0,0,0,1,9,6,0,0
2084607054438900184,"Tue, Aug 4, 2026","OSHINAVIの""5日発売""ピックアップ🎫 ネクライトーキー「オーキートーキー全国編 vol.7」、明日8/5(火)21:00一般発売よ。 このツアーの主役は""組み合わせ""。全公演ゲストが違う対バンシリーズなの。初日9/6(日)福岡DRUM Be-1はCAT ATE HOTDOGS、千秋楽11/5(木)東京Spotify https://t.co/EUi8XoBSca",https://x.com/oshinavinavi/status/2084607054438900184,201,2,4,0,0,0,0,0,2,0,0,0,0
2084272583638208852,"Mon, Aug 3, 2026","OSHINAVIの""4日発売""ピックアップ🎫 明日8/4(火)19:00、肉チョモランマの配信ライブが一般発売スタートよ。 【配信｜Rakuten TV】肉チョモワンマン ONLINE LIVE『大決戦』- DAY1 大一番 7月4日にKアリーナ横浜で行われた本編が、8/29(土)19:00からあなたの画面に届くのよ。",https://x.com/oshinavinavi/status/2084272583638208852,98,0,1,0,0,0,0,0,0,1,0,0,0
2083926239753179415,"Sun, Aug 2, 2026","OSHINAVIの""8/3発売""ピックアップ🎫 8/3(月) 10:00発売！ のん のん自由（10）ツアー2026 in 久慈 一般発売／10/18(日) 15:00開演 岩手・十文字チキンアンバーホール 大ホール（久慈市文化会館） 久慈市で初めての、のんの単独ライブなのよ",https://x.com/oshinavinavi/status/2083926239753179415,163,0,0,0,0,0,0,0,0,0,0,0,0
2083920663992316301,"Sun, Aug 2, 2026","OSHINAVIの""8/3発売""ピックアップ🎫 8/3(月) 12:00発売！ Little Glee Monster Live Tour 2026-2027 ""BREATH"" プレリザーブ／宮城・秋田11/1〜11/3、石川・長野11/21〜11/22、北海道2027/1/15 茨城10/25（水戸市民会館 グロービスホール）は同日19:00発売よ",https://x.com/oshinavinavi/status/2083920663992316301,214,0,0,0,0,0,0,0,0,0,0,0,0
2083900096467317148,"Sun, Aug 2, 2026","OSHINAVIの""8/3発売""ピックアップ🎫 8/3(月) 11:00発売！ マカロニえんぴつ マカロックツアーvol.22 〜いま、きみがすき！篇〜 5次プレリザーブ／10/31(土) 真駒内セキスイハイムアイスアリーナ 全国7都市11公演のアリーナツアー、これは北海道公演の枠よ",https://x.com/oshinavinavi/status/2083900096467317148,180,0,0,0,0,0,0,0,0,0,0,0,0
2083863108788126161,"Sun, Aug 2, 2026","OSHINAVIの""8/3発売""ピックアップ🎫 8/3(月) 14:00発売！ Xnterstellar Music Festival 2026 オフィシャル1次先行／10/3(土)・4(日) 韓国・仁川広域市 日韓合同クロスオーバー音楽フェス、これが記念すべき初開催なのよ Day1にAdo、coldrain、YOUNHA、Day2にAぇ! group、Saucy",https://x.com/oshinavinavi/status/2083863108788126161,1089,0,11,0,0,0,0,0,2,2,4,3,0
2083538302775226525,"Sat, Aug 1, 2026","OSHINAVIの""明日発売""ピックアップ🎫 明日8/2(日)10:00発売よ！ 天才ピアニスト×ヨネダ2000 ツーマンライブ「あっちこっちカンパニ〜 愛知公演」 東西の若手女性芸人がガチでぶつかるツーマンなのよ。 ますみと竹内知咲、誠と愛——この4人が同じ板に乗るの、想像しただけで口角上がるでしょ。",https://x.com/oshinavinavi/status/2083538302775226525,395,0,0,0,0,0,0,0,0,0,0,0,0
2083535585738973599,"Sat, Aug 1, 2026","OSHINAVIの""明日発売""ピックアップ🎫 明日8/2(日)10:00発売よ！ Omotenashi Stage『18TRIP』-R1ze&amp;Ev3ns-",https://x.com/oshinavinavi/status/2083535585738973599,110,0,0,0,0,0,0,0,0,0,0,0,0
2083523935019430208,"Sat, Aug 1, 2026","OSHINAVIの""明日発売""ピックアップ🎫 明日8/2(日)10:00発売よ！ アインシュタイン結成15周年記念ツアー",https://x.com/oshinavinavi/status/2083523935019430208,716,0,4,0,0,0,0,0,2,1,1,0,0
2083517214527824022,"Sat, Aug 1, 2026","OSHINAVIの""明日発売""ピックアップ🎫 明日8/2(日)10:00発売よ！ 山里亮太の140 愛知公演〜逃げ上手の不如帰〜 サブタイトルは「逃げ上手の不如帰」。 もう気になって仕方ないでしょ、タイトルで笑わせにくる人の本編が面白くないわけないのよ。",https://x.com/oshinavinavi/status/2083517214527824022,83,0,0,0,0,0,0,0,0,0,0,0,0
2083515798262575514,"Sat, Aug 1, 2026","OSHINAVIの""明日発売""ピックアップ🎫 明日8/2(日)0:00発売よ！ THE FACT MUSIC AWARDS EXHIBITION - VISION FESTA(DIVE INTO THE STARS) ステージをVRで体験する展示。画面越しじゃなく、視界まるごと持っていかれるの。天神開業90周年の記念企画よ。 8/2〜8/30 岩田屋本店 大催事場(福岡・天神)",https://x.com/oshinavinavi/status/2083515798262575514,312,0,2,0,0,0,0,0,0,1,1,0,0
2083341549614870670,"Fri, Jul 31, 2026",先行の締切って、油断してると一瞬で過ぎちゃうのよね。 残り何日か数えてくれるサイト、置いておくわ。 https://t.co/E4Kk2l7rQG,https://x.com/oshinavinavi/status/2083341549614870670,3,0,0,0,0,0,0,0,0,0,0,0,0
2083341450427896041,"Fri, Jul 31, 2026","OSHINAVIの""本日発売""ピックアップ🎫 本日8/1 11:00受付開始！ ナナヲアカリ 「NANAOAKARI TOUR 2026「SIDE B」」 全国15公演、ファイナルはLINE CUBE SHIBUYA プレリザーブ（北海道12/12・12/13公演）／締切8/11 ツアー全体は2026年10月4日〜12月13日 北海道のみんな、今日があなたの番よ。",https://x.com/oshinavinavi/status/2083341450427896041,55,0,1,0,0,0,1,0,0,0,0,0,0
2083341187394748685,"Fri, Jul 31, 2026",仙台で観られるライブ、まだまだあるのよ。地元の公演だけ絞って探せるから、覗いてみて頂戴。 https://t.co/E4Kk2l7rQG,https://x.com/oshinavinavi/status/2083341187394748685,8,0,3,0,0,0,0,0,0,2,1,0,0
2083341136828268804,"Fri, Jul 31, 2026","OSHINAVIの""本日発売""ピックアップ🎫 本日8/1 10:00発売！ Fear,and Loathing in Las Vegas 「The Focus「Feeling of Unity」Vol.1」 4thフルアルバム『Feeling of Unity』にフォーカスしたコンセプト・ワンマン 一般発売／2026年11月1日(日) 宮城・仙台Rensa",https://x.com/oshinavinavi/status/2083341136828268804,177,0,2,0,0,0,1,0,1,0,0,0,0
2083340446378664355,"Fri, Jul 31, 2026",今日はこの子以外にも200件超が発売日を迎えてるの。全部ここに並べてあるから、推しがいないか確かめてみて。 https://t.co/E4Kk2l7rQG,https://x.com/oshinavinavi/status/2083340446378664355,2,0,0,0,0,0,0,0,0,0,0,0,0
2083339389061792061,"Fri, Jul 31, 2026","OSHINAVIの""本日発売""ピックアップ🎫 本日8/1 12:00発売！（10時じゃないわよ、正午よ） カラフルピーチ 「からぴちパラダイス ARENA TOUR 2026 〜シンフォニーエクスプレス〜」 動員も会場規模もグループ史上最大のアリーナツアー 対象＝神奈川10/4／兵庫10/18／宮城11/28・11/29／福岡12/26・12/27",https://x.com/oshinavinavi/status/2083339389061792061,137,1,4,0,0,0,1,0,1,1,0,0,0
2083339104272687139,"Fri, Jul 31, 2026",子どもと行けるイベント、他にもたくさん載せてるの。発売日までのカウントダウンが一目で分かるようにしてあるわ。 https://t.co/E4Kk2l7rQG,https://x.com/oshinavinavi/status/2083339104272687139,4,0,0,0,0,0,0,0,0,0,0,0,0
2083339037663019213,"Fri, Jul 31, 2026","OSHINAVIの""本日発売""ピックアップ🎫 本日8/1 10:00発売！ ウルトラヒーローズ THE LIVE 「〜オメガ・アーク・ブレーザー 新世代ヒーロー集結〜」 楽天チケット最速先行（千葉11/14公演）／締切8/4 23:59 2026年11月14日 柏市民文化会館 大ホール（全国ツアーは9/12〜11/14）",https://x.com/oshinavinavi/status/2083339037663019213,155,0,2,0,0,0,1,0,0,1,0,0,0
2083338860654944317,"Fri, Jul 31, 2026",発売日を見逃したくない子は、こっちにまとめてあるわよ。ジャンル別に探せるから、推しの次の一手もきっと見つかるわ。 https://t.co/E4Kk2l7rQG,https://x.com/oshinavinavi/status/2083338860654944317,6,0,0,0,0,0,0,0,0,0,0,0,0
2083338773136622052,"Fri, Jul 31, 2026","OSHINAVIの""本日発売""ピックアップ🎫 本日8/1 10:00発売！ プロセカユニットファンミーティング 「25時、ナイトコードで。in 大分」 一般発売／2026年9月5日(土) 大分・iichiko グランシアタ 全国5都市で開催されるファンミ、その大分公演なのよ。九州のみんな、やっと来たわね。",https://x.com/oshinavinavi/status/2083338773136622052,151,0,1,0,0,0,1,0,0,0,0,0,0
2083166251766161612,"Fri, Jul 31, 2026",flumpoolの10公演ぜんぶの発売カウントダウンはこちらから。「flumpool」で検索すると一発です🎫 https://t.co/E4Kk2l7rQG,https://x.com/oshinavinavi/status/2083166251766161612,3,0,0,0,0,0,0,0,0,0,0,0,0
2083166171969593798,"Fri, Jul 31, 2026","OSHINAVIの""明日発売""ピックアップ🎫 flumpool tour 2026「ここからの歌」一般発売は明日8/1(土)10:00。 新EP『ここからの歌』を掲げて、ワンマンと対バンを織り交ぜるflumpool初の形のツアー。 BLUE ENCOUNTやmiwaと並ぶ夜もあれば、flumpoolだけの夜もある。",https://x.com/oshinavinavi/status/2083166171969593798,284,0,5,0,0,0,1,0,2,0,0,2,0
2083165499404526005,"Fri, Jul 31, 2026",miletの発売日程・会場ごとの詳細はこちらでまとめて確認できます🎫 https://t.co/E4Kk2l7rQG,https://x.com/oshinavinavi/status/2083165499404526005,6,0,0,0,0,0,0,0,0,0,0,0,0
2083165448254972061,"Fri, Jul 31, 2026","milet live tour ""Made of Glass""、明日8/1(土)10:00に北海道公演の一般発売がスタート。 11/13(金)札幌文化芸術劇場hitaruです。 約3年ぶりのアルバム「Made of Glass」を掲げた、約2年ぶりの全国ホールツアー（全17都市19公演）。",https://x.com/oshinavinavi/status/2083165448254972061,183,0,1,0,0,0,1,0,0,0,0,0,0
2083164856740651325,"Fri, Jul 31, 2026",11/7半田のホールワンマン、発売日と締切のカウントダウンはこちらでまとめてます👇 https://t.co/E4Kk2l7rQG,https://x.com/oshinavinavi/status/2083164856740651325,1,0,0,0,0,0,0,0,0,0,0,0,0
2083164760837898639,"Fri, Jul 31, 2026","OSHINAVIの""明日発売""ピックアップ🎫 ペンギンラッシュ「Penguinrush one man show HALL CONCERT」 11/7(土)瀧上工業雁宿ホール(愛知・半田)。一般発売は明日8/1(土)10:00スタート。",https://x.com/oshinavinavi/status/2083164760837898639,111,0,2,0,0,0,1,0,1,0,0,0,0
2083163460934967723,"Fri, Jul 31, 2026","OSHINAVIの""明日発売""ピックアップ🎫 hide presents MIX LEMONeD JELLY 2026 9/6(日) 川崎CLUB CITTA' 一般発売は明日8/1(土)10:00から⚡ 「楽しいこと、面白いものをたくさん集めて、お祭りをやろう！」 1997年にhideが発案したお祭りが、RYOプロデュースで9年ぶりに再起動。",https://x.com/oshinavinavi/status/2083163460934967723,121,0,1,0,0,0,0,0,0,1,0,0,0
2083163181976043839,"Fri, Jul 31, 2026","推しの""発売日""見逃さない｜OSHINAVI #柴咲コウ #泡沫 #チケット発売 ツアー他公演（鹿児島・仙台・高松など）の発売日カウントダウンはこちらから🎫 https://t.co/E4Kk2l7rQG",https://x.com/oshinavinavi/status/2083163181976043839,2,0,0,0,0,0,0,0,0,0,0,0,0
2083163121246724313,"Fri, Jul 31, 2026","OSHINAVIの""明日発売""ピックアップ🎫 柴咲コウ「KO SHIBASAKI LIVE TOUR 2026 ACTOR'S THE BEST ～泡沫～」 演じた作品の主題歌たちを、今の歌声で歌い直すセルフカバーライブ。テーマは泡沫——浮かんでは消える泡のように、二度と戻らない一瞬を音楽で抱きしめる夜。",https://x.com/oshinavinavi/status/2083163121246724313,227,0,4,0,0,0,1,0,1,2,0,0,0
2083162856585904139,"Fri, Jul 31, 2026","OSHINAVIの""明日発売""ピックアップ🎫 明日8/1 10:00発売！ 【筋肉少女帯】 筋肉少女帯 ツアー2026「奇談師」 都市ごとに演る作品が違う、全部観たくなる仕掛けのツアー。名古屋「サーカス団パノラマ島へ帰る」、大阪「月光蟲」、東京は制作30周年「キラキラと輝くもの」の完全再現ライブ。",https://x.com/oshinavinavi/status/2083162856585904139,182,0,0,0,0,0,0,0,0,0,0,0,0
2083159148620034109,"Fri, Jul 31, 2026","OSHINAVIの""明日発売""ピックアップ🎫 明日8/1 10:00発売！ 【宝塚歌劇 宙組】 全国ツアー ミュージカル・プレイ『再会』／スパーキング・イルミネイト『Diamond IMPULSE』 桜木みなと・春乃さくらの宙組が全国7都市へ。広島で観られるのは11/14(土)福山・リーデンローズのただ1日、昼夜2回公演だけ。",https://x.com/oshinavinavi/status/2083159148620034109,567,0,7,0,0,0,0,0,0,3,3,1,0
2083153936392049076,"Fri, Jul 31, 2026",マジカルミライ2026のチケット情報まとめはこちら。正午12時スタート、お忘れなく⏰ https://t.co/E4Kk2l7rQG,https://x.com/oshinavinavi/status/2083153936392049076,3,0,0,0,0,0,0,0,0,0,0,0,0
2083153552260968659,"Fri, Jul 31, 2026","OSHINAVIの""明日発売""ピックアップ🎫 明日8/1 12:00発売！※お昼スタート 【初音ミク「マジカルミライ 2026」】 14年目のテーマは「湖のソナーレ」。 初のHAMAMATSUを加えた3会場開催、3DCGライブと企画展をまるごと楽しむ夏の祭典が、今年も幕張メッセへ。",https://x.com/oshinavinavi/status/2083153552260968659,109,0,1,0,0,0,1,0,0,0,0,0,0
2083152872179667204,"Fri, Jul 31, 2026",3公演ぶんの発売日はOSHINAVIで一覧できます。サイトの検索窓で「沢田研二」とどうぞ🎤 https://t.co/E4Kk2l7rQG,https://x.com/oshinavinavi/status/2083152872179667204,3,0,2,0,0,0,0,0,0,1,1,0,0
2083152806593130805,"Fri, Jul 31, 2026","OSHINAVIの""明日発売""ピックアップ🎫 明日8/1 10:00発売！ 【沢田研二】 沢田研二 2026 LIVE!『freedom 安堵 courage』 78歳のジュリーが、今年もツアーで全国を巡る。 ファイナルは東京・SGC HALL ARIAKEの2DAYS。 歌い続けてくれることが、もう奇跡じゃなく約束みたいで。",https://x.com/oshinavinavi/status/2083152806593130805,200,0,2,0,0,0,1,0,1,0,0,0,0
2083149336792457589,"Fri, Jul 31, 2026",ULTRActi:onツアー、有明以外の地方公演の受付締切もまとめて確認できます👇 https://t.co/E4Kk2l7rQG,https://x.com/oshinavinavi/status/2083149336792457589,2,0,0,0,0,0,0,0,0,0,0,0,0
2083148337314951384,"Fri, Jul 31, 2026","OSHINAVIの""明日発売""ピックアップ🎫 明日8/1 10:00発売！ 【北山宏光】 HIROMITSU KITAYAMA LIVE TOUR 2026「ULTRActi:on」 7月の神戸を皮切りに全国を巡ってきたツアーが、 日程の最後東京 有明アリーナへ。 ホールで積み上げてきたこの夏のステージを、アリーナのスケールで解き放つ2DAYS。",https://x.com/oshinavinavi/status/2083148337314951384,386,0,3,0,0,0,1,0,2,0,0,0,0
2082786961509806187,"Thu, Jul 30, 2026","OSHINAVIの""明日発売""ピックアップ🎫 明日7/31 12:00発売！ 藤田朋子＆桑山哲也「笑顔満祭コンサート」 桑山哲也のアコーディオン、黒木千波留のピアノ、ゲストに藤澤ノリマサ。Kitara小ホールの近さで、息づかいまで届く音を。",https://x.com/oshinavinavi/status/2082786961509806187,159,5,15,0,0,0,0,4,2,1,3,0,0
2082786738104402341,"Thu, Jul 30, 2026",発売は明日の夜20:00スタート。詳細のチェックはここからね https://t.co/7GZ6AAkSvE,https://x.com/oshinavinavi/status/2082786738104402341,6,0,4,0,0,0,0,0,0,2,2,0,0
2082786678834663917,"Thu, Jul 30, 2026","OSHINAVIの""明日発売""ピックアップ🎫 明日7/31 20:00発売！ FEVER WAVE 2026 Live House Pangea &amp; HOLIDAY! RECORDS pre. 大阪サーキット SuiseiNoboAz、BURGER NUDS、水中スピカ、osterreichほか出演27組＋α。",https://x.com/oshinavinavi/status/2082786678834663917,259,0,3,0,0,0,1,0,0,0,0,2,0
2082783820051611705,"Thu, Jul 30, 2026",20周年フェス「ones」の詳しい情報は、こちらで確認できます https://t.co/Uqgo98sUNG,https://x.com/oshinavinavi/status/2082783820051611705,2,0,0,0,0,0,0,0,0,0,0,0,0
2082783734596821393,"Thu, Jul 30, 2026","OSHINAVIの""明日発売""ピックアップ🎫 明日7/31 18:00発売！ jizue 「jizue 20th anniversary fes「ones」」 結成20周年、そして初の屋外フェス。 集うのはLITE・fox capture plan・Rega・toconoma——言葉のいらない音たちが、野外の空へ抜けていく。",https://x.com/oshinavinavi/status/2082783734596821393,278,3,9,1,0,0,1,0,1,2,0,2,0
2082783474533151012,"Thu, Jul 30, 2026","OSHINAVIの""明日発売""ピックアップ🎫 明日7/31 11:00発売！ Hump Back 「Hump Back pre. ""HELLO ANEW TOUR"" 2026-2027」",https://x.com/oshinavinavi/status/2082783474533151012,47,0,4,0,0,0,0,0,1,1,2,0,0
2082783273256976500,"Thu, Jul 30, 2026",締切は8/11。詳細はこちらからどうぞ。忘れないうちにチェックを→ https://t.co/KHAEll65cO,https://x.com/oshinavinavi/status/2082783273256976500,3,0,0,0,0,0,0,0,0,0,0,0,0
2082783204101243252,"Thu, Jul 30, 2026","OSHINAVIの""明日発売""ピックアップ🎫 明日7/31 12:00発売！ おいしくるメロンパン 「avenue tour - sleepwalk -」 8/26リリースの11thミニアルバム『avenue』を連れてまわるツアー、その北海道2days。届いたばかりの新曲を、いちばん新しい温度のまま生で浴びる。",https://x.com/oshinavinavi/status/2082783204101243252,59,0,1,0,0,0,1,0,0,0,0,0,0
2082782987100528713,"Thu, Jul 30, 2026","OSHINAVIの""明日発売""ピックアップ🎫 明日7/31 12:00発売！ Chevon 「Chevon pre.よしなに〜遊牧編〜」 ""今まで中々行けなかった場所をまわる""、6都市の遊牧ワンマン。逃した夜を数えてきた人ほど刺さるはず。 遠征じゃなく、自分の街で会える。",https://x.com/oshinavinavi/status/2082782987100528713,152,0,0,0,0,0,0,0,0,0,0,0,0
2082465839635370179,"Wed, Jul 29, 2026","ライブの""発売日""って気づいたら過ぎてるのよね。それを無くすためのサイトがこれ https://t.co/gYOie3M3x2",https://x.com/oshinavinavi/status/2082465839635370179,1,0,0,0,0,0,0,0,0,0,0,0,0
2082465789173755980,"Wed, Jul 29, 2026","OSHINAVIの""明日発売""ピックアップ🎫 明日7/30(木)12:00発売！ 【中山圭以子】 KEIKO NAKAYAMA New album release LIVE 新しいアルバムの歌を、本人の声で浴びる夜。 10/30(金) 東京・南青山マンダラ。ステージと客席の距離が近いあの空間で聴くリリースライブは、音源とは別ものの体験よ。",https://x.com/oshinavinavi/status/2082465789173755980,154,1,4,0,0,0,1,2,0,0,0,0,0
2082451698178830704,"Wed, Jul 29, 2026",発売日を一覧で追えるように、全国のチケット情報をまとめてるの。めせもあ。の他の公演枠もここから見られるわ https://t.co/YgxyMQ9N1z,https://x.com/oshinavinavi/status/2082451698178830704,9,0,0,0,0,0,0,0,0,0,0,0,0
2082451600040436093,"Wed, Jul 29, 2026","OSHINAVIの""明日発売""ピックアップ🎫 明日7/30(木)20:00発売！ 【MeseMoa.】 47都道府県ツアー「BooM!! ～にほんめ。ぐるーぷ～」 約10年ぶり、2回目の47都道府県制覇の旅。あの頃見た景色を、いまのめせもあ。がもう一度塗り替えていく。 明日20:00は先着一般発売。対象は ・9/5(土) 北海道",https://x.com/oshinavinavi/status/2082451600040436093,423,1,6,0,0,0,1,0,3,0,0,1,0
2082442026583572540,"Wed, Jul 29, 2026",ボーイズグループの発売予定、他にもまとめてあるわ。推しの見逃し防止にどうぞ https://t.co/agQLiPNfvM,https://x.com/oshinavinavi/status/2082442026583572540,5,0,0,0,0,0,0,0,0,0,0,0,0
2082441959646568733,"Wed, Jul 29, 2026","OSHINAVIの""明日発売""ピックアップ🎫 明日7/30(木)11:00発売！ 【Boys Dance&amp;Vocal Groupフェスin一宮】 BOYS AND MEN／OCTPATH／X8EE／JAMHEADS／青春CYBER——5組が愛知・一宮市民会館に集結。 9/5(土)・9/6(日)の2日間、ボーイズグループのフェスがこの街で生まれる。",https://x.com/oshinavinavi/status/2082441959646568733,238,0,0,0,0,0,0,0,0,0,0,0,0
2082417270102651235,"Wed, Jul 29, 2026","""いつ発売で、いつ締切か""だけを毎日整理してるサイトよ。気になったらここでチェックして https://t.co/8gQoAFmMnn",https://x.com/oshinavinavi/status/2082417270102651235,5,0,1,0,0,0,1,0,0,0,0,0,0
2082417136786456655,"Wed, Jul 29, 2026","OSHINAVIの""明日発売""ピックアップ🎫 明日7/30(木)10:00発売！ 【佐々木秀実】 コンサート2026 ～愛と人生を謳う～ シャンソンがずっと歌い続けてきたもの。それは愛と、人生。 その二つを正面から""謳う""と掲げたステージよ。歌の中の物語に、自分の人生をそっと重ねて聴く午後があってもいい。",https://x.com/oshinavinavi/status/2082417136786456655,110,5,10,0,0,0,1,2,1,1,0,0,0
2082395510670041362,"Wed, Jul 29, 2026",ミュージカルの先行・締切もカウントダウンで並べてるの。観たい舞台の枠、ここで確認してみて https://t.co/31aXDB4kcz,https://x.com/oshinavinavi/status/2082395510670041362,13,0,3,0,0,0,0,0,0,1,2,0,0
2082395379455438961,"Wed, Jul 29, 2026","OSHINAVIの""明日締切""ピックアップ🎫 明日7/30(木)11:00締切！ 【ミュージカル『星影の人』-沖田総司・まぼろしの青春-】 宝塚歌劇の名作が、岡宮来夢主演で新たな舞台によみがえる。 若くして散った天才剣士・沖田総司の、まぼろしのような青春。 大阪12/5(土)",https://x.com/oshinavinavi/status/2082395379455438961,316,0,1,0,0,0,1,0,0,0,0,0,0
2082379912980377725,"Wed, Jul 29, 2026",ミュージカルの先行・締切もカウントダウンで並べてるの。観たい舞台の枠、ここで確認してみて ＋ https://t.co/31aXDB4kcz,https://x.com/oshinavinavi/status/2082379912980377725,9,0,0,0,0,0,0,0,0,0,0,0,0
2082379796571619812,"Wed, Jul 29, 2026","OSHINAVIの""明日締切""ピックアップ🎫 明日7/30(木)11:00締切！ 【ミュージカル『星影の人』-沖田総司・まぼろしの青春-】 宝塚歌劇の名作が、岡宮来夢主演で新たな舞台によみがえる。 若くして散った天才剣士・沖田総司の、まぼろしのような青春。 大阪12/5(土)",https://x.com/oshinavinavi/status/2082379796571619812,281,0,1,0,0,0,1,0,0,0,0,0,0
2082082611883892947,"Tue, Jul 28, 2026","https://t.co/KHAEll65cO OSHINAVIの""明日発売""ピックアップ🎫 お盆の横浜は昼夜2本立て！ メンバーセレクト曲のミニライブと、カバー曲めっちゃやります 『ラムネシネマとポップコーン 番外編』。 8/14(金)横浜YTJホール、明日7/29(水)21:30発売！ #ラムネ商店街 推しの""発売日""見逃さない｜OSHINAVI",https://x.com/oshinavinavi/status/2082082611883892947,116,0,0,0,0,0,0,0,0,0,0,0,0
2082082302046462125,"Tue, Jul 28, 2026","https://t.co/udQeXdMSZ7 OSHINAVIの""明日発売""ピックアップ🎫 『Discotique Nite 2026』 ディスコアレンジのオリジナルとあの頃の洋楽カバーで踊る夜。 10/9東京・10/11横浜ビルボード、明日7/29(水)12:00発売！ #SkoopOnSomebody 推しの""発売日""見逃さない｜OSHINAVI",https://x.com/oshinavinavi/status/2082082302046462125,310,0,0,0,0,0,0,0,0,0,0,0,0
2082081982838919499,"Tue, Jul 28, 2026","https://t.co/31aXDB4kcz OSHINAVIの""明日発売""ピックアップ🎫 結成60周年ツアー 『お楽しみはこれからだ！〜想い出の渚の軌跡〜』 が横須賀へ。 ゲストはミッキー吉野！10/4(日)よこすか芸術劇場、先着先行は明日7/29(水)18:00！ #ワイルドワンズ #ミッキー吉野 推しの""発売日""見逃さない｜OSHINAVI",https://x.com/oshinavinavi/status/2082081982838919499,62,0,2,0,0,0,0,0,0,1,1,0,0
2082081826966020491,"Tue, Jul 28, 2026","https://t.co/agQLiPNfvM OSHINAVIの""明日発売""ピックアップ🎫 48歳の誕生日を記念して、バンドで駆け抜けるワンマン『Run fortyeight Run!』。 8/29(土)高円寺KOENJI HIGH、一般発売は明日7/29(水)10:00！ #岩瀬敬吾 推しの""発売日""見逃さない｜OSHINAVI",https://x.com/oshinavinavi/status/2082081826966020491,1131,7,21,0,0,0,0,2,1,3,5,3,0
2082081657247642089,"Tue, Jul 28, 2026","https://t.co/8gQoAFmMnn OSHINAVIの""明日発売""ピックアップ🎫 毎週月曜『BS日本・こころの歌』で聴くあのハーモニーを、ホールの生音で。 心に染みる歌声を、今度は間近で。 10/25(日)川口リリア、一般発売は明日7/29(水)10:00から。 #フォレスタ 推しの""発売日""見逃さない｜OSHINAVI",https://x.com/oshinavinavi/status/2082081657247642089,204,0,0,0,0,0,0,0,0,0,0,0,0
2082080965745348973,"Tue, Jul 28, 2026","https://t.co/YgxyMQ9N1z OSHINAVIの""明日発売""ピックアップ🎫 新曲「まるでサイダー！」の甘酸っぱい夏を、そのまま生で。ツアー""REFRESH""が札幌へ！10/7(水)ペニーレーン24、3次プレリザーブは明日7/29(水)11:00スタート！ #大原櫻子 推しの""発売日""見逃さない｜OSHINAVI",https://x.com/oshinavinavi/status/2082080965745348973,209,0,3,0,0,0,0,0,2,0,0,1,0
2081710624737013970,"Mon, Jul 27, 2026","OSHINAVIの""本日発売""ピックアップ🎫 本日7/28 10:00 前売券発売！ 【少女漫画・インフィニティ 萩尾望都×山岸凉子×大和和紀 三人展】 あのページを、もう一度めくりに行く。 夢中で読んだ一コマの原画が、目の前にある。",https://x.com/oshinavinavi/status/2081710624737013970,107,0,4,0,0,0,0,0,0,1,1,2,0
2079688869709275549,"Tue, Jul 21, 2026","全国8会場ツアーの各公演・受付状況はここでチェックできるわよ🎫 イエモンの""発売日""、ひとつも見逃さないで 👉 https://t.co/x1shEIUwyA",https://x.com/oshinavinavi/status/2079688869709275549,5,0,1,0,0,0,0,0,1,0,0,0,0
2079688819251826802,"Tue, Jul 21, 2026","OSHINAVIの""本日発売""ピックアップ🎫 本日7/22 12:00発売！ THE YELLOW MONKEY TOUR 2026 THE COUNTDOWN〜60分1本勝負〜 ライブハウスに帰ってくる4人。無駄なし、濃縮の60分に全部ぶつけてくる🔥",https://x.com/oshinavinavi/status/2079688819251826802,17,0,2,0,0,0,1,0,0,0,0,1,0
2079531025928188154,"Tue, Jul 21, 2026","名演は、チケットを取れた人だけのもの。 ヨーヨー・マの""一夜限り""を、発売日を知らずに逃すのはもったいない。 クラシックも落語もライブも、推しの発売日をOSHINAVIがまとめて見張ってます🎫 次に手にしたい一枚、先回りで👇 https://t.co/JiZWwg9csI",https://x.com/oshinavinavi/status/2079531025928188154,7,0,1,0,0,0,0,0,0,1,0,0,0
2079530886048129526,"Tue, Jul 21, 2026","OSHINAVIの""明日発売""ピックアップ🎫 明日7/22 10:00発売！ ヨーヨー・マ サントリーホール40周年を祝う特別な一夜。 世界が愛したチェロが、若尾圭良(vn)・ユン=ジャニス=ルー(pf)と紡ぐ室内楽。 ショスタコーヴィチにメシアン。この秋、ここでしか聴けない響き。 10/25(日)・27(火)",https://x.com/oshinavinavi/status/2079530886048129526,17,0,1,0,0,0,1,0,0,0,0,0,0
2079530199742652568,"Tue, Jul 21, 2026","""あとで買おう""が、いちばん危ない。 T-BOLANの武道館みたいに、気づいた時にはもう…をなくしたくて作りました。 発売日を迎える推しのチケットを、OSHINAVIがまとめて見張ってます🎫 気になる推し、先回りしてチェック👇 https://t.co/HlReA40A7Q",https://x.com/oshinavinavi/status/2079530199742652568,5,0,0,0,0,0,0,0,0,0,0,0,0
2079530020599660577,"Tue, Jul 21, 2026","OSHINAVIの""明日発売""ピックアップ🎫 明日7/22 18:00発売！ T-BOLAN 全国47都道府県を巡った""約束の旅""が、ここで完結する。 メンバー自身の意思で選んだ、これが本当の最後の夜。 あの歌声を、武道館で見届けたい。 8/10(月) 日本武道館 推しの""発売日""見逃さない｜OSHINAVI #TBOLAN #日本武道館",https://x.com/oshinavinavi/status/2079530020599660577,15,0,4,0,0,0,1,0,0,3,0,0,0
2079193729278320961,"Mon, Jul 20, 2026",同じツアーなのに、大阪・福岡・大分の先行は今夜23:59で終わります。 仙台と福島は7/26、愛知は7/27。 「まだ先だろう」で見逃すやつです。 7公演ぶん並べました https://t.co/96gXkRo7Om,https://x.com/oshinavinavi/status/2079193729278320961,4,0,0,0,0,0,0,0,0,0,0,0,0
2079180228291965241,"Mon, Jul 20, 2026",ブルーロックのほかにも、明日7/21は35件が発売開始。 高校野球の千葉大会、準決勝と決勝の前売券も明日12時からです⚾ 発売日カウントダウンで見られます https://t.co/4DeBS1g5W6,https://x.com/oshinavinavi/status/2079180228291965241,7,0,4,0,0,0,0,0,0,1,3,0,0
2079178769110282531,"Mon, Jul 20, 2026",同じツアーなのに、大阪・福岡・大分の先行は今夜23:59で終わります。 仙台と福島は7/26、愛知は7/27。 「まだ先だろう」で見逃すやつです。 7公演ぶん並べました https://t.co/E4Kk2l7rQG,https://x.com/oshinavinavi/status/2079178769110282531,5,0,2,0,0,0,0,0,0,0,2,0,0
2079178698419585366,"Mon, Jul 20, 2026","OSHINAVIの""明日発売""ピックアップ🎫 7/21(火)11:00〜 6次プレリザーブ milet Hall Tour 2026 秋の全国ホールツアー、17都市19公演 11/13(金) 札幌文化芸術劇場hitaru あの声を、ホールいっぱいに浴びる夜。 受付〜7/27 推しの""発売日""見逃さない｜OSHINAVI #milet",https://x.com/oshinavinavi/status/2079178698419585366,24,0,6,0,0,0,2,0,0,4,0,0,0
2079164164355027385,"Mon, Jul 20, 2026",ブルーロックのほかにも、明日7/21は35件が発売開始。 高校野球の千葉大会、準決勝と決勝の前売券も明日12時からです⚾ 発売日カウントダウンで見られます https://t.co/E4Kk2l7rQG,https://x.com/oshinavinavi/status/2079164164355027385,7,0,2,0,0,0,1,0,0,1,0,0,0
2079164099037163887,"Mon, Jul 20, 2026","OSHINAVIの""明日発売""ピックアップ🎫 7/21(火)12:00〜 抽選先行 ブルーロック×サンシャインシティプリンスホテル 推しコンビの部屋が5種類。 潔×凛、潔×凪、凛×冴…どの2人と朝を迎える? 受付〜7/26 推しの""発売日""見逃さない｜OSHINAVI #ブルーロック #ブルロ",https://x.com/oshinavinavi/status/2079164099037163887,23,0,1,0,0,0,1,0,0,0,0,0,0
2078827131619115046,"Sun, Jul 19, 2026","OSHINAVIの""明日発売""ピックアップ🎫 【中山優馬】 YUMA NAKAYAMA ONE MAN'26 -Select- 10/12(月・祝) 和歌山城ホール 大ホール 開場15:00／開演16:00・全席指定8,800円 和歌山城ホールの5周年記念公演「MUSIC DAYS」、その2日目を任されたのが優馬くん。 節目の日を締めくくる一夜を、あの歌声で。",https://x.com/oshinavinavi/status/2078827131619115046,363,0,3,0,0,0,0,0,0,1,2,0,0
2077626697764282710,"Thu, Jul 16, 2026",Chevonの先行、忘れそうなら…発売日をそっと覚えておくサイトがあるの📅 気になる推しを登録して、当日ダッシュ🏃‍♀️ ▶ https://t.co/HznoHhohiI,https://x.com/oshinavinavi/status/2077626697764282710,11,0,0,0,0,0,0,0,0,0,0,0,0
2077626488946593800,"Thu, Jul 16, 2026","OSHINAVIの""明日発売""ピックアップ🎫 明日7/17 12:00発売！ Chevon「よしなに〜遊牧編〜」 行けなかった街へ。あの轟音を、地元で。 先行2次〜7/26／仙台・新潟・京都・広島・高松 推しの""発売日""見逃さない｜OSHINAVI #Chevon",https://x.com/oshinavinavi/status/2077626488946593800,22,0,1,0,0,0,1,0,0,0,0,0,0
2077363412980646272,"Wed, Jul 15, 2026","甲子園だけじゃないの。神奈川・千葉の地方大会、イチロー選抜戦やU-18壮行試合まで、高校野球関連の""発売日""をOSHINAVIでまとめてチェック⚾🎫 👉 https://t.co/HznoHhohiI",https://x.com/oshinavinavi/status/2077363412980646272,17,0,3,0,0,0,0,0,0,2,1,0,0
2077363298899796360,"Wed, Jul 15, 2026","OSHINAVIの""明日発売""ピックアップ🎫 明日7/16 10:00発売！ 第108回 全国高校野球選手権大会 今年も熱い夏が来た！ 球児達の一瞬に胸も熱くなる‼ 8/5開幕 阪神甲子園（兵庫） 推しの""発売日""見逃さない｜OSHINAVI #夏の甲子園 #高校野球",https://x.com/oshinavinavi/status/2077363298899796360,22,0,3,0,0,0,1,0,0,2,0,0,0
2076943524944372046,"Tue, Jul 14, 2026",一般発売は8/8 10:00から。今日の先行を逃しても、まだ手はあるわよ。 札幌市教育文化会館と函館まるなまホール、どっちも発売日はここで追えるわ。 https://t.co/HznoHhohiI,https://x.com/oshinavinavi/status/2076943524944372046,16,0,0,0,0,0,0,0,0,0,0,0,0
2076943419419873715,"Tue, Jul 14, 2026","OSHINAVIの""明日発売""ピックアップ🎫 明日7/15 11:00発売！ クレイジーケンバンド プレリザーブ 〜7/22 10/22 札幌／10/24 函館 新作『何？』を引っ提げ、全国ツアー展開！ 推しの""発売日""見逃さない｜OSHINAVI #クレイジーケンバンド",https://x.com/oshinavinavi/status/2076943419419873715,23,0,2,0,0,0,1,0,0,1,0,0,0
2076940045437878398,"Tue, Jul 14, 2026",石川(7/31)はまだ一般発売中、7/16まで。 締切もカウントダウンで並べてるわ。 https://t.co/HznoHhohiI,https://x.com/oshinavinavi/status/2076940045437878398,21,0,5,0,0,0,0,0,0,1,4,0,0
2076939754562884046,"Tue, Jul 14, 2026","OSHINAVIの""本日発売""ピックアップ🎫 7/15 11:00発売！ コブクロデビュー25年目 ツアー「霞日和」4次プレリザーブ 二人の声が重なる 9/29・30 北海道 推しの""発売日""見逃さない｜OSHINAVI #コブクロ #霞日和",https://x.com/oshinavinavi/status/2076939754562884046,27,0,4,0,0,0,1,0,0,2,0,1,0
2076299675444130012,"Sun, Jul 12, 2026","OSHINAVIの""明日発売""ピックアップ🎫 明日7/13(月)11:00 先行受付スタート！ 猪突猛進ガールズバンド・ちゃくら サクラ/ワキタルル/まお/葉弥の4人 一生ガールズバンド、一生バンドマ メジャーデビュー後 初の全国TOURの皮切り 9/6(日) 札幌近松 https://t.co/HznoHhohiI #ちゃくら",https://x.com/oshinavinavi/status/2076299675444130012,22,0,1,0,0,0,0,0,0,0,1,0,0
2074837349243203798,"Wed, Jul 8, 2026","OSHINAVIの""明日発売""ピック🎫 明日7/9 10:00発売！ 佐久間一行×ロバート秋山の「かわりに言ってあげるよ。」iｎ 山形 “モノ”の気持ちを代弁する大人気ライブ！ 身の回りの""アイツ""が喋りだす90分 8/9(日) シェルターなんようホール 推しの""発売日""見逃さない｜OSHINAVI #ロバート秋山 #佐久間一行",https://x.com/oshinavinavi/status/2074837349243203798,22,0,3,0,0,0,0,0,0,1,0,2,0
2074827554981388306,"Wed, Jul 8, 2026","OSHINAVIの""明日発売""ピック🎫 明日7/9 10:00発売！ ザ・ニュースペーパー 時事風刺コント 時事ネタ×そっくり芸、キレッキレの2時間 10/18(日) 大宮ソニックシティ 推しの""発売日""、見逃さない｜OSHINAVI #ザニュースペーパー #コント",https://x.com/oshinavinavi/status/2074827554981388306,18,0,2,0,0,0,0,0,0,2,0,0,0
2074490335003341188,"Tue, Jul 7, 2026",【明日7/8発売】 milet／BABYMONSTER／丘みどり／さくら前線 のチケット、いよいよ明日発売🎫 発売時間バラバラだから買い逃し注意！ まとめて発売時間チェック→ https://t.co/HznoHhohiI #milet #BABYMONSTER,https://x.com/oshinavinavi/status/2074490335003341188,21,0,5,0,0,0,0,0,0,1,3,1,0
2072207077142069397,"Wed, Jul 1, 2026",【あさって7/3 昼12時】 ▎ LAUSBUBの北海道公演(10/2)、プレリザーブが動くよ〜！札幌発、『Telefon』で刺さってきたあの2人の地元凱旋🎹 ▎ 気づいたら受付始まってるやつだから、今のうちにメモしとこ。 ▎ #LAUSBUB,https://x.com/oshinavinavi/status/2072207077142069397,13,0,0,0,0,0,0,0,0,0,0,0,0