山内惠介	id177	@yamauchi_staff	6,070	https://x.com/yamauchi_staff （スタッフ公式・本人アカウントは見当たらず）
「ナイボー！」	id1056	@niceball_stage	2,912	https://x.com/niceball_stage （舞台公式）
桃月庵白酒 独演会 ｖｏｌ．１０	id1064	@tougetuan	6,807	https://x.com/tougetuan
フォレスタ	id1640	@foresta_e	1,035	https://x.com/foresta_e （フォレスタエンターテインメント公式）
柳家喬太郎 独演会	id1772	-	不明	本人アカウント無し（botとファンのみ）
柳家三三独演会	id1831	-	不明	本人アカウント無し
仙台クラシックフェスティバル2026	id1947	@sen_cla	3,675	https://x.com/sen_cla （主催公式）
純烈	id2405	@sakai_kazuyoshi	31,040	https://x.com/sakai_kazuyoshi （リーダー酒井一圭・最大。グループのスタッフ公式 @junretsu_staff は29K）
K-Drama OST Tribute Concert 2026	id4051	-	不明	公式アカウント見当たらず
mogari 1st Full Album「Bypass Pop」Release Party	id4112	@mogari_jpn	3,068	https://x.com/mogari_jpn
花江夏樹	id5011	@hanae0626	2.2M	https://x.com/hanae0626
サンリオキャラクターズ ファミリーミュージカル Song of Life	id5100	@songoflife2024	2,162	https://x.com/songoflife2024 （作品公式）
NDRエルプフィルハーモニー管弦楽団／アラン・ギルバート（指揮）／角野隼斗（p）	id5212	@880hz	199.8K	https://x.com/880hz （角野隼斗・出演者中最大）
2026 HTB ジルベスターコンサート	id5386	@HTB_silvester	165	https://x.com/HTB_silvester （公演公式）
香月麗（vc）	id5387	@urara0221_k	1,171	https://x.com/urara0221_k （本人・チェロ/パリ音楽院の経歴一致）
神聖かまってちゃん	id6081	@kamattechaninfo	78,773	https://x.com/kamattechaninfo （バンド公式）
舞台『魔法使いの約束』第1章～第3章 ディレイビューイング	id6327	@mahoyaku_stage	64,086	https://x.com/mahoyaku_stage （舞台公式。原作ゲーム公式 @mahoyaku_info は335,610）
音楽の絵本 ブラス・バトル	id6345	-	不明	公式アカウント見当たらず
きかんしゃトーマス ファミリーミュージカル ソドー島の1ばんはだれだ	id6523	-	不明	@event_thomas は6フォロワー・1投稿で実質未稼働のため不採用
「おとうさんといっしょ」レオてつコンサート	id6537	@mama_ponycanyon	67,163	https://x.com/mama_ponycanyon （ポニーキャニオン公式＝番組関連の公式）
五木ひろし／由紀さおり	id6904	-	不明	本人アカウント無し（両名とも同名の非公式のみ。@itsuki_ijigen は別ライブの公式で844）
大和証券グループ presents 辻井伸行 日本ツアー 2027	id7001	@nobuyukitsujii_	2,185	https://x.com/nobuyukitsujii_ （「辻井伸行公式アカウント」と記載・未認証・59投稿）
桃月庵白酒 独演会	id7011	@tougetuan	6,807	https://x.com/tougetuan
パンどろぼうひろば さっぽろ	id7296	@pandorobo_JP	196.4K	https://x.com/pandorobo_JP （作品公式）
細坪基佳	id7225	-	不明	本人アカウント無し（同名は無関係の個人）
子どもと大人が楽しめる冬休み本格的オペラ「ラ・ボエーム」	id7759	-	不明	公式アカウント見当たらず
大和証券グループ presents 辻井伸行 日本ツアー 2027《展覧会の絵》	id7763	@nobuyukitsujii_	2,185	https://x.com/nobuyukitsujii_ （「辻井伸行公式アカウント」と記載・未認証・59投稿）
石崎ひゅーい	id7845	@huwie0307	54,147	https://x.com/huwie0307
丸美屋食品ミュージカル「アニークリスマスコンサート」	id7886	-	不明	公式アカウント見当たらず
笠原純子（p）	id7898	-	不明	本人アカウント無し（同名は0投稿）
FIVE NEW OLD	id10440	@FIVENEWOLD	22.9K	https://x.com/FIVENEWOLD
ONE ASIA WORLD メダリストセレブレーション	id10471	@AsianGames_2026	26,415	https://x.com/AsianGames_2026 （第20回アジア競技大会公式＝主催側）
SUNGMIN FANMEETING in OSAKA 「思い」	id10482	-	不明	どのSUNGMINか特定できず（候補 @LIU_Sungmin 81,088 は未確認）
第10回Muでらくご	id10816	-	不明	公式アカウント見当たらず
コズエン Maid Cafe ～戦う天使たち、今日はメイドです～	id11110	@wwr_stardom	177,289	https://x.com/wwr_stardom （スターダム公式＝主催団体）
太陽生命 JAPAN RUGBY CHALLENGE MATCH 2026 女子日本代表 vs 女子ウェールズ代表	id11115	@JRFUMedia	272,691	https://x.com/JRFUMedia （日本ラグビーフットボール協会公式＝主催）
JA山形市特別協賛 山形テルサの第九	id11146	@yamagataterrsa	206	https://x.com/yamagataterrsa （会場公式）
島田歌穂／島健（p）	id11185	@Shimada_Kaho	10,610	https://x.com/Shimada_Kaho （島田歌穂・最大。島健は見当たらず）
浅草で春待つ笑顔～たいとう芸楽寄席～	id11207	@taitogeirakusai	1,099	https://x.com/taitogeirakusai （江戸まちたいとう芸楽祭公式）
柊咲優／SAKI／あぷりゅ	id12827	-	不明	3名とも本人特定できず（同名候補のみ）
わんわんウオーク in 福島２０２６	id16383	-	不明	公式アカウント見当たらず
ﾀﾄ／美甘／ゆなせ	id16511	-	不明	本人特定できず（候補 @soto_teto_tato 20,974 は未確認）
角川博／木村徹二	id17252	@kimura_tetsuji	6,764	https://x.com/kimura_tetsuji （木村徹二・最大。角川博は本人アカウント無し）
リカちゃんのON／OFF展	id17355	@bonjour_licca	136,746	https://x.com/bonjour_licca （リカちゃん公式）
COWCOW	id20089	@tadaken0808	109,123	https://x.com/tadaken0808 （多田・メンバー最大。もう一方 @cowcow44cow「COWCOW33周年」は87,206）
ジミー大西 ホームタウン 京都展	id20212	@JimmyOnishi_ART	1,223	https://x.com/JimmyOnishi_ART （ジミー大西アート公式。展覧会公式 @jimmy_hometown は456）
Highspec Ba【Z∞】Ka／嘘吐Grimms／tasty rose	id21028	@HiBZ_info	1,716	https://x.com/HiBZ_info （はいばず公式・最大。嘘吐Grimms 1,314／tasty rose 726）
パンダドラゴン	id21186	@info__paragon	47,615	https://x.com/info__paragon
ナナクロニクル ツーショット撮影会 DDハロウィン大メロメロタイム	id21191	@info_7chronicle	5,446	https://x.com/info_7chronicle
杉真理 Masamichi Sugi LIVE	id21223	-	不明	本人アカウント無し
ロックンロール”死苦夜露”GIG 2026	id21288	@shikuyoro2021	417	https://x.com/shikuyoro2021 （ツアー公式）
わんちゃんわんわんねこにゃんにゃん わんちゃんわんわんねこにゃんにゃん 6th ANNIVERSARY TOUR	id21294	@wannyan_station	7,015	https://x.com/wannyan_station
ミスイ ミスイ一時保存ツアー	id21358	@misui_official	2,894	https://x.com/misui_official
DazzlingBAD 悠汰生誕ONE MAN	id21367	@DazzlingBAD_	18,079	https://x.com/DazzlingBAD_ （バンド公式。Vo.iT @xxxBAD_iT_ は30,363）
痲紗生誕ONE MAN	id21391	@xxxBAD_MASA_	16,297	https://x.com/xxxBAD_MASA_ （本人・DazzlingBAD Gt）
住友生命いずみホール ニューイヤー・コンサート2027 ウィーン・リング・アンサンブル	id22942	@Izumi_Hall	4,047	https://x.com/Izumi_Hall （ホール公式＝主催）
(株)はつだ	id23014	@hatsuda3	30,602	https://x.com/hatsuda3
空気階段	id23400	@kkkatmari	173,588	https://x.com/kkkatmari （水川かたまり・メンバー最大。鈴木もぐら165,963）
グスターボ・ドゥダメル指揮 シモン・ボリバル交響楽団	id23617	@GustavoDudamel	700.2K	https://x.com/GustavoDudamel （最終投稿2025-01）
走りだす、ベートーヴェン 彗星 8つの軌道 ベートーヴェン ピアノ・ソナタ全曲シリーズ Vol.3 ソン・ミンス	id23629	-	不明	ソン・ミンス本人・シリーズ公式とも見当たらず
走りだす、ベートーヴェン プロフェッション・シリーズVol.1	id23630	-	不明	シリーズ公式見当たらず
IZUMI JAZZ NIGHT 2027 小曽根真 Solo&Duo	id23635	@Izumi_Hall	4,047	https://x.com/Izumi_Hall （ホール公式＝主催。小曽根真の @makotoozone は0投稿で不採用）
走りだす、ベートーヴェン ゲヴァントハウス弦楽四重奏団	id23679	-	不明	シリーズ公式見当たらず
ベートーヴェン ピアノ協奏曲全曲演奏会	id23681	-	不明	公式アカウント見当たらず
アニノマス／X-OVER／二代目FOR:ACE	id23852	@ani_mas1123	588	https://x.com/ani_mas1123 （アニノマス。X-OVER・二代目FOR:ACEは特定できず＝最大か未確定）
COUNTER CULTURE ~ 沖縄へ修学旅行 SESSION編 ~	id24032	-	不明	公式アカウント見当たらず
