COUNTER CULTURE ~ 沖縄へ修学旅行 TALK編 ~	id24033	-	不明	該当アカウント見つからず
天童よしみ	id24111	@tendoyoshimi_jp	579	https://x.com/tendoyoshimi_jp （〈公式〉2026年1月開設）
NMB48	id24350	@nmb48_official	133862	https://x.com/nmb48_official
ZAZY／ななまがり／ロジャー沖縄	id24591	@ZAZY06	79513	https://x.com/ZAZY06 （最大＝ZAZY。ななまがり森下44,415・ロジャー沖縄17.8K）
すゑひろがりず／ゲスト：シシガシラ	id24594	@GSOPnanjo	73697	https://x.com/GSOPnanjo （すゑひろがりず南條。三島62.9K）
ななまがり	id24595	@morishitanaoto	44415	https://x.com/morishitanaoto （森下。初瀬38.5K）
GAG／タモンズ／ジェラードン	id24596	@kamicigerrardon	114081	https://x.com/kamicigerrardon （最大＝ジェラードンかみちぃ）
ジェラードン／GAG／タモンズ	id24597	@kamicigerrardon	114081	https://x.com/kamicigerrardon （最大＝ジェラードンかみちぃ）
マヂカルラブリー／囲碁将棋／GAG	id24599	@nodacry	328713	https://x.com/nodacry （最大＝マヂカルラブリー野田クリスタル。村上110,060）
オズワルド／プリズンクイズチャンネル／ヨネダ2000	id24602	@yonedamakoto526	109379	https://x.com/yonedamakoto526 （最大＝ヨネダ2000誠。オズワルド畠中82,356）
カゲヤマ／オズワルド／めぞん	id24603	@mezonmezonme	86874	https://x.com/mezonmezonme （最大＝めぞん吉野おいなり君。オズワルド畠中82,356）
GAG	id24606	@shuntarofukui	34573	https://x.com/shuntarofukui （GAG福井）
佐久間一行／はいじぃ	id24607	@sakuzari	57925	https://x.com/sakuzari （最大＝佐久間一行。はいじぃ34,635）
ジェラードン	id24609	@kamicigerrardon	114081	https://x.com/kamicigerrardon （かみちぃ）
CITY／アイロンヘッド／からし蓮根	id24611	@aironhed_tsujii	49805	https://x.com/aironhed_tsujii （最大＝アイロンヘッド辻井。からし蓮根青空40,962・CITY本人垢は見つからず）
うるとらブギーズ	id24613	@ubtk	10523	https://x.com/ubtk （佐々木。八木10,199）
第2期 TOPANGA POKÉCA LEAGUE 決勝ライブビューイング	id24809	@topangajapan	58426	https://x.com/topangajapan （主催TOPANGAの公式。リーグ専用垢は見つからず）
いりぽん／えとう／りりり	id24876	@ri_ri_ri_5_myst	179989	https://x.com/ri_ri_ri_5_myst （最大＝りりり。3人とも踊り手で一致＝いりぽん先生@panpaooo 77,770・えとう@_E10U_ 9,557。イベントページにSNS記載なし）
ホビーラウンド35	id24909	@volks_hobbydept	34434	https://x.com/volks_hobbydept （主催ボークス ホビー企画室公式＝LivePocketページ記載）
豆鉄砲／イチゴ／和田祐	id24913	@MameSato	6006	https://x.com/MameSato （豆鉄砲ホセ。企画公式@Sehotaikai 145）
KOGYARU	id25007	-	不明	公式アカウント特定できず（KOGYARU専属モデル個人垢のみ）
高橋里奈ピアノリサイタル<アニバーサリー2027>	id25031	@RinaTakahashi19	229	https://x.com/RinaTakahashi19 （ピアニスト本人）
天満天神繁昌亭	id25124	@kamigatarakugok	14786	https://x.com/kamigatarakugok （繁昌亭・上方落語協会公式）
「YOKOHAMA QUEENDOM -HAMA DIVA SUMMIT-DAY1」	id25197	@hamadiva_love	39	https://x.com/hamadiva_love （イベント公式）
「YOKOHAMA QUEENDOM -HAMA DIVA SUMMIT-DAY 2」	id25199	@hamadiva_love	39	https://x.com/hamadiva_love （イベント公式）
OKAMOTO’S	id25251	@OKAMOTOS_INFO	52454	https://x.com/OKAMOTOS_INFO
ひなたお姉さん&ルーククリスマスコンサート2026	id25263	-	不明	本人と確認できる垢なし（候補@hinata__eto 24は未確認）
押尾コータロー	id25268	@kotaro_oshio	33910	https://x.com/kotaro_oshio （STAFF垢5,490）
爆笑!お笑いエンタメライブ in 四日市	id25272	-	不明	イベント公式垢見つからず
千代丸引退断髪式	id25283	@KOKONOE_RYUJI	41681	https://x.com/KOKONOE_RYUJI （所属の九重部屋公式。千代丸本人垢は見つからず）
A.C.E SQUAD	id25348	@A_C_E_squad	287	https://x.com/A_C_E_squad （LivePocketページ記載）
BLACK ASTER／ECHOES CUBE	id25427	@echoes_cube	540	https://x.com/echoes_cube （ECHOES CUBE。BLACK ASTERは垢見つからず）
SAM*RAIJAM FREE ONE MAN LIVE 葦牙 Vol.2	id25476	@samraijam_off	842	https://x.com/samraijam_off
TERU／Iyoda Kohei／YOSHI	id25674	@TERUofficial	50089	https://x.com/TERUofficial （Versailles TERU＝LivePocketページ記載。GLAYのTERUではない。Iyoda Kohei 5,317）
長江健次／イモ欽トリオ／西山浩司	id25743	@NagaeKenji	5710	https://x.com/NagaeKenji （最大＝長江健次。西山浩司3,271）
パピマシェ／#SSSG／レチェルチェ	id25768	@papillon_marche	6184	https://x.com/papillon_marche （最大＝パピマシェ公式。レチェルチェ505）
10/12(月祝)20:15 無料ライブ パワーオブフリー(Ｓ) vol.千56 (配信無し)	id25777	-	不明	イベント公式垢見つからず
山口 小雪希	id25998	@Koyu_221	24948	https://x.com/Koyu_221
杉田裕	id26062	-	不明	JAYWALKの杉田裕（TIGET記載）。本人・JAYWALK公式垢とも特定できず
MITSUKI／SHU	id26243	-	不明	同名多数で特定できず
梁河懸（Liang Chord） from 台湾／TOOKAMI／BONE DAWN	id26268	@TOOKAMI_432	5827	https://x.com/TOOKAMI_432 （最大＝TOOKAMI。BONE DAWN 1,346・梁河懸は垢見つからず）
あい／ふゆう／かえ	id26311	@Koiyochi_Mirage	1417	https://x.com/Koiyochi_Mirage （グループ恋予知♡みらーじゅ公式＝LivePocketページ記載）
MC：麒麟田村／ヘッドライト／ザ・プラン9お～い！久馬	id26333	@hiroshi93	145880	https://x.com/hiroshi93 （最大＝麒麟田村。ヤナギブソン37,914）
with Falench.!!	id26457	@falench_idol	5548	https://x.com/falench_idol （主催グループFalench.公式）
原つむぎ	id26483	@haratsumugi	291111	https://x.com/haratsumugi
波崎天結	id26485	@ayu_hazaki	126462	https://x.com/ayu_hazaki
SoRaLis	id26533	@yui_soralis	1673	https://x.com/yui_soralis （生誕の主役・橘ゆい本人。SoRaLisグループ公式垢は見つからず）
『RESISTANCE』2026.11.21 大阪公演	id26543	@daigo_ogata	9658	https://x.com/daigo_ogata （出演者のうち確認できた最大＝俳優 尾形大吾。西田キール3,762。他出演者は未確認）
葉山こはる／岡本莉瑚／猫姫にゃん	id26547	@koharu_byr42	5126	https://x.com/koharu_byr42 （最大＝葉山こはる。主役岡本莉瑚1,473）
MAPA	id26555	@xxxxMAPAxxxx	9536	https://x.com/xxxxMAPAxxxx （LivePocketページ記載）
Ryo-hey／すずめろ／羅桜	id26585	-	不明	本人垢を確定できず（候補 羅桜@Rao_Ruler 1,543）
ストレッチーズ／さすらいラビ―／ひつじねいり	id26643	@omaaaaatsu	20394	https://x.com/omaaaaatsu （最大＝ひつじねいり松村。ストレッチーズ高木20,108）
太田プロJr.ライブvol.142	id26670	@ohtaproinfo	12968	https://x.com/ohtaproinfo （主催 太田プロダクション公式）
吉水真央	id26677	@mao__strawberry	2412	https://x.com/mao__strawberry
魔法とラビリンス〜迷宮のその先へ〜	id26718	@maholaby_0705	210	https://x.com/maholaby_0705
ゾルゲ／ロベスピエール	id26732	@tanaka_olexps	245	https://x.com/tanaka_olexps （ロベスピエールたなか。ゾルゲ本人垢は見つからず）
谷口つばさ	id26747	@tsaz6	7252	https://x.com/tsaz6
谷口つばさ／めっちゃ最高ズ おばた／鈴木ジェロニモ	id26748	@suzukigeno	13369	https://x.com/suzukigeno （最大＝鈴木ジェロニモ。谷口7,252）
ハク。	id26850	@haku_circle	14716	https://x.com/haku_circle （4ピースバンド公式）
HIRAIDAI LIVE in WASEDA 夢、ずっと碧く	id26855	@hiraidai	234069	https://x.com/hiraidai （平井大）
『マリア・シュトゥアルト』	id26978	@mari_eliza_st	62	https://x.com/mari_eliza_st （作品公式）
落語立川流まつり2026@表参道GROUND	id26984	@tatekawa_rakugo	2432	https://x.com/tatekawa_rakugo （落語立川流一門会情報）
【市電乗車&お仕事体験コース】Osaka Metro Group フェスティバル 2026	id27043	@OsakaMetroOfcl	107046	https://x.com/OsakaMetroOfcl （主催Osaka Metro公式）
BRAND-NEW MORNING 純烈☆星屑スキャット ～秋のディープ・セッション～	id27047	@sakai_kazuyoshi	31040	https://x.com/sakai_kazuyoshi （最大＝純烈リーダー酒井一圭。純烈スタッフ29,022・星屑スキャット10,711）
広島プロミシングコンサート2026	id27093	-	不明	公式垢見つからず
